[{"type":"Décret de naturalisation","date":"6/1/1883","title":"1883/387_1/DAFANCH94","pages":[{"id":"7", "image":"1883/387_1/DAFANCH94_NUMJ000001_D.jpg", "sheetsIndex":[{"type":"sheet", "name":"Acte de naturalisation", "points":[{"x":65,"y":1873}, {"x":1375,"y":1873}, {"x":1375,"y":2030}, {"x":65,"y":2030}],"listInputs":[{"type":"area", "name":"Numéro du dossier", "points":[{"x":65,"y":1873}, {"x":448,"y":1873}, {"x":448,"y":2000}, {"x":65,"y":2000}],"annotations":[{"type":"annotationAutomatic", "modifiable":false, "textAuto":"", "lines":[]}]}, {"type":"area", "name":"Nom du bénéficiaire principal", "points":[{"x":761,"y":1875}, {"x":1375,"y":1875}, {"x":1375,"y":2030}, {"x":761,"y":2030}],"annotations":[{"type":"annotationAutomatic", "modifiable":false, "textAuto":"", "lines":[]}, {"type":"annotationAutomatic", "modifiable":false, "textAuto":"Mory ", "lines":[]}]}, {"type":"area", "name":"Prénoms", "points":[],"annotations":[{"type":"annotationAutomatic", "modifiable":false, "textAuto":"", "lines":[]}, {"type":"annotationAutomatic", "modifiable":false, "textAuto":"Louis-Nicolas ", "lines":[]}]}, {"type":"area", "name":"Date de naissance", "points":[],"annotations":[{"type":"annotationAutomatic", "modifiable":false, "textAuto":"", "lines":[]}, {"type":"annotationAutomatic", "modifiable":false, "textAuto":"1825000674604_001 ", "lines":[]}]}]}, {"type":"sheet", "name":"Acte de naturalisation", "points":[{"x":51,"y":2418}, {"x":1271,"y":2418}, {"x":1271,"y":2536}, {"x":51,"y":2536}],"listInputs":[{"type":"area", "name":"Numéro du dossier", "points":[{"x":51,"y":2434}, {"x":401,"y":2434}, {"x":401,"y":2536}, {"x":51,"y":2536}],"annotations":[{"type":"annotationAutomatic", "modifiable":false, "textAuto":"", "lines":[]}]}, {"type":"area", "name":"Nom du bénéficiaire principal", "points":[{"x":627,"y":2418}, {"x":1271,"y":2418}, {"x":1271,"y":2505}, {"x":627,"y":2505}],"annotations":[{"type":"annotationAutomatic", "modifiable":false, "textAuto":"", "lines":[]}]}]}, {"type":"sheet", "name":"Décret de naturalisation", "points":[{"x":-1,"y":-1}, {"x":-1,"y":-1}, {"x":-1,"y":-1}, {"x":-1,"y":-1}],"listInputs":[{"type":"area", "name":"Cote du carton", "points":[],"annotations":[{"type":"annotationAutomatic", "modifiable":false, "textAuto":"", "lines":[]}, {"type":"annotationAutomatic", "modifiable":false, "textAuto":"BB/34/387 ", "lines":[]}]}, {"type":"area", "name":"Numéro du document", "points":[],"annotations":[{"type":"annotationAutomatic", "modifiable":false, "textAuto":"", "lines":[]}, {"type":"annotationAutomatic", "modifiable":false, "textAuto":"1 ", "lines":[]}]}, {"type":"area", "name":"Nb de pages", "points":[],"annotations":[{"type":"annotationAutomatic", "modifiable":false, "textAuto":"", "lines":[]}, {"type":"annotationAutomatic", "modifiable":false, "textAuto":"4 ", "lines":[]}]}, {"type":"area", "name":"Numfic", "points":[],"annotations":[{"type":"annotationAutomatic", "modifiable":false, "textAuto":"", "lines":[]}, {"type":"annotationAutomatic", "modifiable":false, "textAuto":"SB000001 ", "lines":[]}]}, {"type":"area", "name":"Catégories de personnes concernées", "points":[],"annotations":[{"type":"annotationAutomatic", "modifiable":false, "textAuto":"", "lines":[]}, {"type":"annotationAutomatic", "modifiable":false, "textAuto":"Alsacien-Lorrain ", "lines":[]}]}, {"type":"area", "name":"Intitulé complet du document", "points":[],"annotations":[{"type":"annotationAutomatic", "modifiable":false, "textAuto":"", "lines":[]}, {"type":"annotationAutomatic", "modifiable":false, "textAuto":"Décret de réintégrations d'Alsaciens-Lorrains du 6 janvier 1883. ", "lines":[]}]}, {"type":"area", "name":"Lieux d'origine", "points":[],"annotations":[{"type":"annotationAutomatic", "modifiable":false, "textAuto":"", "lines":[]}, {"type":"annotationAutomatic", "modifiable":false, "textAuto":"Alsace-Lorraine ", "lines":[]}]}, {"type":"area", "name":"Catégories de demandes concernées", "points":[],"annotations":[{"type":"annotationAutomatic", "modifiable":false, "textAuto":"", "lines":[]}, {"type":"annotationAutomatic", "modifiable":false, "textAuto":"réintégration dans la qualité de Français ", "lines":[]}]}, {"type":"area", "name":"Date", "points":[],"annotations":[{"type":"annotationAutomatic", "modifiable":false, "textAuto":"", "lines":[]}, {"type":"annotationAutomatic", "modifiable":false, "textAuto":"1825000687757_001 ", "lines":[]}]}]}]}, {"id":"8", "image":"1883/387_1/DAFANCH94_NUMJ000002_D.jpg", "sheetsIndex":[]}, {"id":"9", "image":"1883/387_1/DAFANCH94_NUMJ000003_D.jpg", "sheetsIndex":[]}, {"id":"10", "image":"1883/387_1/DAFANCH94_NUMJ000004_D.jpg", "sheetsIndex":[]}]}]