[{"type":"Registre matricule","date":"","title":"docs_AD078RM0430","pages":[{"id":"000003", "image":"docs/AD078_RM0430_000003.JPG", "sheetsIndex":[{"type":"sheet", "name":"Fiche personnelle", "points":[{"x":1247,"y":285}, {"x":1916,"y":285}, {"x":1916,"y":419}, {"x":1247,"y":419}],"listInputs":[{"type":"area", "name":"Matricule", "points":[{"x":1247,"y":285}, {"x":1918,"y":312}, {"x":1916,"y":419}, {"x":1245,"y":396}],"annotations":[{"type":"annotationAutomatic", "modifiable":false, "textAuto":"", "lines":[]}]}]}, {"type":"sheet", "name":"Fiche personnelle", "points":[{"x":132,"y":272}, {"x":1244,"y":272}, {"x":1244,"y":484}, {"x":132,"y":484}],"listInputs":[{"type":"area", "name":"Nom", "points":[{"x":132,"y":272}, {"x":1247,"y":285}, {"x":1244,"y":484}, {"x":129,"y":468}],"annotations":[{"type":"annotationAutomatic", "modifiable":false, "textAuto":"", "lines":[]}]}]}, {"type":"sheet", "name":"Fiche personnelle", "points":[{"x":1245,"y":396}, {"x":1916,"y":396}, {"x":1916,"y":502}, {"x":1245,"y":502}],"listInputs":[{"type":"area", "name":"Mobilisation", "points":[{"x":1245,"y":396}, {"x":1916,"y":419}, {"x":1916,"y":502}, {"x":1244,"y":488}],"annotations":[{"type":"annotationAutomatic", "modifiable":false, "textAuto":"", "lines":[]}]}]}, {"type":"sheet", "name":"Fiche personnelle", "points":[{"x":129,"y":468}, {"x":1239,"y":468}, {"x":1239,"y":982}, {"x":129,"y":982}],"listInputs":[{"type":"area", "name":"Etat civil", "points":[{"x":129,"y":468}, {"x":1244,"y":484}, {"x":1239,"y":982}, {"x":124,"y":961}],"annotations":[{"type":"annotationAutomatic", "modifiable":false, "textAuto":"", "lines":[]}]}]}, {"type":"sheet", "name":"Fiche personnelle", "points":[{"x":1244,"y":488}, {"x":1911,"y":488}, {"x":1911,"y":999}, {"x":1244,"y":999}],"listInputs":[{"type":"area", "name":"Signalement", "points":[{"x":1244,"y":488}, {"x":1916,"y":502}, {"x":1911,"y":999}, {"x":1239,"y":976}],"annotations":[{"type":"annotationAutomatic", "modifiable":false, "textAuto":"", "lines":[]}]}]}, {"type":"sheet", "name":"Fiche personnelle", "points":[{"x":0,"y":0}, {"x":0,"y":0}, {"x":0,"y":0}, {"x":0,"y":0}],"listInputs":[{"type":"area", "name":"Canton", "points":[{"x":0,"y":0}, {"x":0,"y":0}, {"x":0,"y":0}, {"x":0,"y":0}],"annotations":[{"type":"annotationAutomatic", "modifiable":false, "textAuto":"", "lines":[]}]}]}, {"type":"sheet", "name":"Fiche personnelle", "points":[{"x":0,"y":0}, {"x":0,"y":0}, {"x":0,"y":0}, {"x":0,"y":0}],"listInputs":[{"type":"area", "name":"Degré", "points":[{"x":0,"y":0}, {"x":0,"y":0}, {"x":0,"y":0}, {"x":0,"y":0}],"annotations":[{"type":"annotationAutomatic", "modifiable":false, "textAuto":"", "lines":[]}]}]}, {"type":"sheet", "name":"Fiche personnelle", "points":[{"x":124,"y":961}, {"x":1236,"y":961}, {"x":1236,"y":1192}, {"x":124,"y":1192}],"listInputs":[{"type":"area", "name":"Décision", "points":[{"x":124,"y":961}, {"x":1239,"y":982}, {"x":1236,"y":1192}, {"x":121,"y":1170}],"annotations":[{"type":"annotationAutomatic", "modifiable":false, "textAuto":"", "lines":[]}]}]}, {"type":"sheet", "name":"Fiche personnelle", "points":[{"x":1239,"y":976}, {"x":1901,"y":976}, {"x":1901,"y":1929}, {"x":1239,"y":1929}],"listInputs":[{"type":"area", "name":"Informations", "points":[{"x":1239,"y":976}, {"x":1911,"y":999}, {"x":1901,"y":1929}, {"x":1228,"y":1917}],"annotations":[{"type":"annotationAutomatic", "modifiable":false, "textAuto":"", "lines":[]}]}]}, {"type":"sheet", "name":"Fiche personnelle", "points":[{"x":1228,"y":1917}, {"x":1892,"y":1917}, {"x":1892,"y":2834}, {"x":1228,"y":2834}],"listInputs":[{"type":"area", "name":"Habitation", "points":[{"x":1228,"y":1917}, {"x":1901,"y":1929}, {"x":1892,"y":2834}, {"x":1218,"y":2825}],"annotations":[{"type":"annotationAutomatic", "modifiable":false, "textAuto":"", "lines":[]}]}]}, {"type":"sheet", "name":"Fiche personnelle", "points":[{"x":121,"y":1170}, {"x":1213,"y":1170}, {"x":1213,"y":3197}, {"x":121,"y":3197}],"listInputs":[{"type":"area", "name":"Secret gauche", "points":[{"x":121,"y":1170}, {"x":1236,"y":1192}, {"x":1213,"y":3197}, {"x":98,"y":3183}],"annotations":[{"type":"annotationAutomatic", "modifiable":false, "textAuto":"", "lines":[]}]}]}, {"type":"sheet", "name":"Fiche personnelle", "points":[{"x":1218,"y":2825}, {"x":1890,"y":2825}, {"x":1890,"y":3105}, {"x":1218,"y":3105}],"listInputs":[{"type":"area", "name":"Secret droit", "points":[{"x":1218,"y":2825}, {"x":1892,"y":2834}, {"x":1890,"y":3105}, {"x":1214,"y":3101}],"annotations":[{"type":"annotationAutomatic", "modifiable":false, "textAuto":"", "lines":[]}]}]}, {"type":"sheet", "name":"Fiche personnelle", "points":[{"x":1245,"y":288}, {"x":1915,"y":288}, {"x":1915,"y":418}, {"x":1245,"y":418}],"listInputs":[{"type":"area", "name":"Matricule", "points":[{"x":1245,"y":288}, {"x":1916,"y":311}, {"x":1915,"y":418}, {"x":1244,"y":398}],"annotations":[{"type":"annotationAutomatic", "modifiable":false, "textAuto":"", "lines":[]}]}]}, {"type":"sheet", "name":"Fiche personnelle", "points":[{"x":131,"y":273}, {"x":1243,"y":273}, {"x":1243,"y":486}, {"x":131,"y":486}],"listInputs":[{"type":"area", "name":"Nom", "points":[{"x":131,"y":273}, {"x":1245,"y":288}, {"x":1243,"y":486}, {"x":129,"y":468}],"annotations":[{"type":"annotationAutomatic", "modifiable":false, "textAuto":"", "lines":[]}]}]}, {"type":"sheet", "name":"Fiche personnelle", "points":[{"x":1244,"y":398}, {"x":1914,"y":398}, {"x":1914,"y":501}, {"x":1244,"y":501}],"listInputs":[{"type":"area", "name":"Mobilisation", "points":[{"x":1244,"y":398}, {"x":1915,"y":418}, {"x":1914,"y":501}, {"x":1243,"y":490}],"annotations":[{"type":"annotationAutomatic", "modifiable":false, "textAuto":"", "lines":[]}]}]}, {"type":"sheet", "name":"Fiche personnelle", "points":[{"x":129,"y":468}, {"x":1238,"y":468}, {"x":1238,"y":979}, {"x":129,"y":979}],"listInputs":[{"type":"area", "name":"Etat civil", "points":[{"x":129,"y":468}, {"x":1243,"y":486}, {"x":1238,"y":979}, {"x":124,"y":961}],"annotations":[{"type":"annotationAutomatic", "modifiable":false, "textAuto":"", "lines":[]}]}]}, {"type":"sheet", "name":"Fiche personnelle", "points":[{"x":1243,"y":490}, {"x":1910,"y":490}, {"x":1910,"y":997}, {"x":1243,"y":997}],"listInputs":[{"type":"area", "name":"Signalement", "points":[{"x":1243,"y":490}, {"x":1914,"y":501}, {"x":1910,"y":997}, {"x":1238,"y":980}],"annotations":[{"type":"annotationAutomatic", "modifiable":false, "textAuto":"", "lines":[]}]}]}, {"type":"sheet", "name":"Fiche personnelle", "points":[{"x":124,"y":961}, {"x":1217,"y":961}, {"x":1217,"y":3203}, {"x":124,"y":3203}],"listInputs":[{"type":"area", "name":"null", "points":[{"x":124,"y":961}, {"x":1238,"y":979}, {"x":1217,"y":3203}, {"x":102,"y":3186}],"annotations":[{"type":"annotationAutomatic", "modifiable":false, "textAuto":"", "lines":[]}]}]}, {"type":"sheet", "name":"Fiche personnelle", "points":[{"x":1238,"y":980}, {"x":1895,"y":980}, {"x":1895,"y":2831}, {"x":1238,"y":2831}],"listInputs":[{"type":"area", "name":"null", "points":[{"x":1238,"y":980}, {"x":1910,"y":997}, {"x":1895,"y":2831}, {"x":1221,"y":2823}],"annotations":[{"type":"annotationAutomatic", "modifiable":false, "textAuto":"", "lines":[]}]}]}, {"type":"sheet", "name":"Fiche personnelle", "points":[{"x":124,"y":961}, {"x":1217,"y":961}, {"x":1217,"y":3203}, {"x":124,"y":3203}],"listInputs":[{"type":"area", "name":"Décision", "points":[{"x":124,"y":961}, {"x":1238,"y":979}, {"x":1217,"y":3203}, {"x":102,"y":3186}],"annotations":[{"type":"annotationAutomatic", "modifiable":false, "textAuto":"", "lines":[]}]}]}, {"type":"sheet", "name":"Fiche personnelle", "points":[{"x":1238,"y":980}, {"x":1895,"y":980}, {"x":1895,"y":2831}, {"x":1238,"y":2831}],"listInputs":[{"type":"area", "name":"Informations", "points":[{"x":1238,"y":980}, {"x":1910,"y":997}, {"x":1895,"y":2831}, {"x":1221,"y":2823}],"annotations":[{"type":"annotationAutomatic", "modifiable":false, "textAuto":"", "lines":[]}]}]}, {"type":"sheet", "name":"Fiche personnelle", "points":[{"x":1238,"y":980}, {"x":1895,"y":980}, {"x":1895,"y":2831}, {"x":1238,"y":2831}],"listInputs":[{"type":"area", "name":"Habitation", "points":[{"x":1238,"y":980}, {"x":1910,"y":997}, {"x":1895,"y":2831}, {"x":1221,"y":2823}],"annotations":[{"type":"annotationAutomatic", "modifiable":false, "textAuto":"", "lines":[]}]}]}, {"type":"sheet", "name":"Fiche personnelle", "points":[{"x":124,"y":961}, {"x":1217,"y":961}, {"x":1217,"y":3203}, {"x":124,"y":3203}],"listInputs":[{"type":"area", "name":"Secret gauche", "points":[{"x":124,"y":961}, {"x":1238,"y":979}, {"x":1217,"y":3203}, {"x":102,"y":3186}],"annotations":[{"type":"annotationAutomatic", "modifiable":false, "textAuto":"", "lines":[]}]}]}, {"type":"sheet", "name":"Fiche personnelle", "points":[{"x":1238,"y":980}, {"x":1895,"y":980}, {"x":1895,"y":2831}, {"x":1238,"y":2831}],"listInputs":[{"type":"area", "name":"Secret droit", "points":[{"x":1238,"y":980}, {"x":1910,"y":997}, {"x":1895,"y":2831}, {"x":1221,"y":2823}],"annotations":[{"type":"annotationAutomatic", "modifiable":false, "textAuto":"", "lines":[]}]}]}]}, {"id":"000002", "image":"docs/AD078_RM0430_000002.JPG", "sheetsIndex":[{"type":"sheet", "name":"Fiche personnelle", "points":[{"x":1372,"y":234}, {"x":2032,"y":234}, {"x":2032,"y":355}, {"x":1372,"y":355}],"listInputs":[{"type":"area", "name":"Matricule", "points":[{"x":1372,"y":234}, {"x":2034,"y":250}, {"x":2032,"y":355}, {"x":1371,"y":332}],"annotations":[{"type":"annotationAutomatic", "modifiable":false, "textAuto":"", "lines":[]}]}]}, {"type":"sheet", "name":"Fiche personnelle", "points":[{"x":267,"y":231}, {"x":1370,"y":231}, {"x":1370,"y":433}, {"x":267,"y":433}],"listInputs":[{"type":"area", "name":"Nom", "points":[{"x":267,"y":231}, {"x":1372,"y":234}, {"x":1370,"y":433}, {"x":265,"y":438}],"annotations":[{"type":"annotationAutomatic", "modifiable":false, "textAuto":"", "lines":[]}]}]}, {"type":"sheet", "name":"Fiche personnelle", "points":[{"x":1371,"y":332}, {"x":2031,"y":332}, {"x":2031,"y":443}, {"x":1371,"y":443}],"listInputs":[{"type":"area", "name":"Mobilisation", "points":[{"x":1371,"y":332}, {"x":2032,"y":355}, {"x":2031,"y":443}, {"x":1370,"y":419}],"annotations":[{"type":"annotationAutomatic", "modifiable":false, "textAuto":"", "lines":[]}]}]}, {"type":"sheet", "name":"Fiche personnelle", "points":[{"x":265,"y":438}, {"x":1367,"y":438}, {"x":1367,"y":912}, {"x":265,"y":912}],"listInputs":[{"type":"area", "name":"Etat civil", "points":[{"x":265,"y":438}, {"x":1370,"y":433}, {"x":1367,"y":912}, {"x":260,"y":926}],"annotations":[{"type":"annotationAutomatic", "modifiable":false, "textAuto":"", "lines":[]}]}]}, {"type":"sheet", "name":"Fiche personnelle", "points":[{"x":1370,"y":419}, {"x":2026,"y":419}, {"x":2026,"y":934}, {"x":1370,"y":934}],"listInputs":[{"type":"area", "name":"Signalement", "points":[{"x":1370,"y":419}, {"x":2031,"y":443}, {"x":2026,"y":934}, {"x":1367,"y":913}],"annotations":[{"type":"annotationAutomatic", "modifiable":false, "textAuto":"", "lines":[]}]}]}, {"type":"sheet", "name":"Fiche personnelle", "points":[{"x":0,"y":0}, {"x":0,"y":0}, {"x":0,"y":0}, {"x":0,"y":0}],"listInputs":[{"type":"area", "name":"Canton", "points":[{"x":0,"y":0}, {"x":0,"y":0}, {"x":0,"y":0}, {"x":0,"y":0}],"annotations":[{"type":"annotationAutomatic", "modifiable":false, "textAuto":"", "lines":[]}]}]}, {"type":"sheet", "name":"Fiche personnelle", "points":[{"x":0,"y":0}, {"x":0,"y":0}, {"x":0,"y":0}, {"x":0,"y":0}],"listInputs":[{"type":"area", "name":"Degré", "points":[{"x":0,"y":0}, {"x":0,"y":0}, {"x":0,"y":0}, {"x":0,"y":0}],"annotations":[{"type":"annotationAutomatic", "modifiable":false, "textAuto":"", "lines":[]}]}]}, {"type":"sheet", "name":"Fiche personnelle", "points":[{"x":260,"y":926}, {"x":1365,"y":926}, {"x":1365,"y":1121}, {"x":260,"y":1121}],"listInputs":[{"type":"area", "name":"Décision", "points":[{"x":260,"y":926}, {"x":1367,"y":912}, {"x":1365,"y":1121}, {"x":258,"y":1137}],"annotations":[{"type":"annotationAutomatic", "modifiable":false, "textAuto":"", "lines":[]}]}]}, {"type":"sheet", "name":"Fiche personnelle", "points":[{"x":1367,"y":913}, {"x":2015,"y":913}, {"x":2015,"y":1866}, {"x":1367,"y":1866}],"listInputs":[{"type":"area", "name":"Informations", "points":[{"x":1367,"y":913}, {"x":2026,"y":934}, {"x":2015,"y":1866}, {"x":1360,"y":1862}],"annotations":[{"type":"annotationAutomatic", "modifiable":false, "textAuto":"", "lines":[]}]}]}, {"type":"sheet", "name":"Fiche personnelle", "points":[{"x":1360,"y":1862}, {"x":2005,"y":1862}, {"x":2005,"y":2768}, {"x":1360,"y":2768}],"listInputs":[{"type":"area", "name":"Habitation", "points":[{"x":1360,"y":1862}, {"x":2015,"y":1866}, {"x":2005,"y":2768}, {"x":1354,"y":2761}],"annotations":[{"type":"annotationAutomatic", "modifiable":false, "textAuto":"", "lines":[]}]}]}, {"type":"sheet", "name":"Fiche personnelle", "points":[{"x":258,"y":1137}, {"x":1351,"y":1137}, {"x":1351,"y":3207}, {"x":258,"y":3207}],"listInputs":[{"type":"area", "name":"Secret gauche", "points":[{"x":258,"y":1137}, {"x":1365,"y":1121}, {"x":1351,"y":3207}, {"x":238,"y":3238}],"annotations":[{"type":"annotationAutomatic", "modifiable":false, "textAuto":"", "lines":[]}]}]}, {"type":"sheet", "name":"Fiche personnelle", "points":[{"x":1354,"y":2761}, {"x":2001,"y":2761}, {"x":2001,"y":3042}, {"x":1354,"y":3042}],"listInputs":[{"type":"area", "name":"Secret droit", "points":[{"x":1354,"y":2761}, {"x":2005,"y":2768}, {"x":2001,"y":3042}, {"x":1352,"y":3034}],"annotations":[{"type":"annotationAutomatic", "modifiable":false, "textAuto":"", "lines":[]}]}]}, {"type":"sheet", "name":"Fiche personnelle", "points":[{"x":1373,"y":230}, {"x":2033,"y":230}, {"x":2033,"y":354}, {"x":1373,"y":354}],"listInputs":[{"type":"area", "name":"Matricule", "points":[{"x":1373,"y":230}, {"x":2035,"y":249}, {"x":2033,"y":354}, {"x":1372,"y":331}],"annotations":[{"type":"annotationAutomatic", "modifiable":false, "textAuto":"", "lines":[]}]}]}, {"type":"sheet", "name":"Fiche personnelle", "points":[{"x":268,"y":227}, {"x":1371,"y":227}, {"x":1371,"y":434}, {"x":268,"y":434}],"listInputs":[{"type":"area", "name":"Nom", "points":[{"x":268,"y":227}, {"x":1373,"y":230}, {"x":1371,"y":434}, {"x":265,"y":430}],"annotations":[{"type":"annotationAutomatic", "modifiable":false, "textAuto":"", "lines":[]}]}]}, {"type":"sheet", "name":"Fiche personnelle", "points":[{"x":1372,"y":331}, {"x":2032,"y":331}, {"x":2032,"y":442}, {"x":1372,"y":442}],"listInputs":[{"type":"area", "name":"Mobilisation", "points":[{"x":1372,"y":331}, {"x":2033,"y":354}, {"x":2032,"y":442}, {"x":1371,"y":421}],"annotations":[{"type":"annotationAutomatic", "modifiable":false, "textAuto":"", "lines":[]}]}]}, {"type":"sheet", "name":"Fiche personnelle", "points":[{"x":265,"y":430}, {"x":1366,"y":430}, {"x":1366,"y":919}, {"x":265,"y":919}],"listInputs":[{"type":"area", "name":"Etat civil", "points":[{"x":265,"y":430}, {"x":1371,"y":434}, {"x":1366,"y":919}, {"x":259,"y":916}],"annotations":[{"type":"annotationAutomatic", "modifiable":false, "textAuto":"", "lines":[]}]}]}, {"type":"sheet", "name":"Fiche personnelle", "points":[{"x":1371,"y":421}, {"x":2026,"y":421}, {"x":2026,"y":933}, {"x":1371,"y":933}],"listInputs":[{"type":"area", "name":"Signalement", "points":[{"x":1371,"y":421}, {"x":2032,"y":442}, {"x":2026,"y":933}, {"x":1366,"y":916}],"annotations":[{"type":"annotationAutomatic", "modifiable":false, "textAuto":"", "lines":[]}]}]}, {"type":"sheet", "name":"Fiche personnelle", "points":[{"x":0,"y":0}, {"x":0,"y":0}, {"x":0,"y":0}, {"x":0,"y":0}],"listInputs":[{"type":"area", "name":"Canton", "points":[{"x":0,"y":0}, {"x":0,"y":0}, {"x":0,"y":0}, {"x":0,"y":0}],"annotations":[{"type":"annotationAutomatic", "modifiable":false, "textAuto":"", "lines":[]}]}]}, {"type":"sheet", "name":"Fiche personnelle", "points":[{"x":0,"y":0}, {"x":0,"y":0}, {"x":0,"y":0}, {"x":0,"y":0}],"listInputs":[{"type":"area", "name":"Degré", "points":[{"x":0,"y":0}, {"x":0,"y":0}, {"x":0,"y":0}, {"x":0,"y":0}],"annotations":[{"type":"annotationAutomatic", "modifiable":false, "textAuto":"", "lines":[]}]}]}, {"type":"sheet", "name":"Fiche personnelle", "points":[{"x":259,"y":916}, {"x":1364,"y":916}, {"x":1364,"y":1126}, {"x":259,"y":1126}],"listInputs":[{"type":"area", "name":"Décision", "points":[{"x":259,"y":916}, {"x":1366,"y":919}, {"x":1364,"y":1126}, {"x":256,"y":1129}],"annotations":[{"type":"annotationAutomatic", "modifiable":false, "textAuto":"", "lines":[]}]}]}, {"type":"sheet", "name":"Fiche personnelle", "points":[{"x":1366,"y":916}, {"x":2013,"y":916}, {"x":2013,"y":1864}, {"x":1366,"y":1864}],"listInputs":[{"type":"area", "name":"Informations", "points":[{"x":1366,"y":916}, {"x":2026,"y":933}, {"x":2013,"y":1864}, {"x":1356,"y":1866}],"annotations":[{"type":"annotationAutomatic", "modifiable":false, "textAuto":"", "lines":[]}]}]}, {"type":"sheet", "name":"Fiche personnelle", "points":[{"x":1356,"y":1866}, {"x":2001,"y":1866}, {"x":2001,"y":2767}, {"x":1356,"y":2767}],"listInputs":[{"type":"area", "name":"Habitation", "points":[{"x":1356,"y":1866}, {"x":2013,"y":1864}, {"x":2001,"y":2767}, {"x":1347,"y":2760}],"annotations":[{"type":"annotationAutomatic", "modifiable":false, "textAuto":"", "lines":[]}]}]}, {"type":"sheet", "name":"Fiche personnelle", "points":[{"x":256,"y":1129}, {"x":1343,"y":1129}, {"x":1343,"y":3203}, {"x":256,"y":3203}],"listInputs":[{"type":"area", "name":"Secret gauche", "points":[{"x":256,"y":1129}, {"x":1364,"y":1126}, {"x":1343,"y":3203}, {"x":231,"y":3203}],"annotations":[{"type":"annotationAutomatic", "modifiable":false, "textAuto":"", "lines":[]}]}]}, {"type":"sheet", "name":"Fiche personnelle", "points":[{"x":1347,"y":2760}, {"x":1998,"y":2760}, {"x":1998,"y":3041}, {"x":1347,"y":3041}],"listInputs":[{"type":"area", "name":"Secret droit", "points":[{"x":1347,"y":2760}, {"x":2001,"y":2767}, {"x":1998,"y":3041}, {"x":1344,"y":3029}],"annotations":[{"type":"annotationAutomatic", "modifiable":false, "textAuto":"", "lines":[]}]}]}, {"type":"sheet", "name":"Fiche personnelle", "points":[{"x":1377,"y":225}, {"x":2036,"y":225}, {"x":2036,"y":352}, {"x":1377,"y":352}],"listInputs":[{"type":"area", "name":"Matricule", "points":[{"x":1377,"y":225}, {"x":2038,"y":247}, {"x":2036,"y":352}, {"x":1374,"y":328}],"annotations":[{"type":"annotationAutomatic", "modifiable":false, "textAuto":"", "lines":[]}]}]}, {"type":"sheet", "name":"Fiche personnelle", "points":[{"x":272,"y":216}, {"x":1372,"y":216}, {"x":1372,"y":427}, {"x":272,"y":427}],"listInputs":[{"type":"area", "name":"Nom", "points":[{"x":272,"y":216}, {"x":1377,"y":225}, {"x":1372,"y":427}, {"x":268,"y":420}],"annotations":[{"type":"annotationAutomatic", "modifiable":false, "textAuto":"", "lines":[]}]}]}, {"type":"sheet", "name":"Fiche personnelle", "points":[{"x":1374,"y":328}, {"x":2034,"y":328}, {"x":2034,"y":441}, {"x":1374,"y":441}],"listInputs":[{"type":"area", "name":"Mobilisation", "points":[{"x":1374,"y":328}, {"x":2036,"y":352}, {"x":2034,"y":441}, {"x":1372,"y":419}],"annotations":[{"type":"annotationAutomatic", "modifiable":false, "textAuto":"", "lines":[]}]}]}, {"type":"sheet", "name":"Fiche personnelle", "points":[{"x":268,"y":420}, {"x":1359,"y":420}, {"x":1359,"y":916}, {"x":268,"y":916}],"listInputs":[{"type":"area", "name":"Etat civil", "points":[{"x":268,"y":420}, {"x":1372,"y":427}, {"x":1359,"y":916}, {"x":261,"y":909}],"annotations":[{"type":"annotationAutomatic", "modifiable":false, "textAuto":"", "lines":[]}]}]}, {"type":"sheet", "name":"Fiche personnelle", "points":[{"x":1372,"y":419}, {"x":2026,"y":419}, {"x":2026,"y":934}, {"x":1372,"y":934}],"listInputs":[{"type":"area", "name":"Signalement", "points":[{"x":1372,"y":419}, {"x":2034,"y":441}, {"x":2026,"y":934}, {"x":1359,"y":912}],"annotations":[{"type":"annotationAutomatic", "modifiable":false, "textAuto":"", "lines":[]}]}]}, {"type":"sheet", "name":"Fiche personnelle", "points":[{"x":261,"y":909}, {"x":1301,"y":909}, {"x":1301,"y":3141}, {"x":261,"y":3141}],"listInputs":[{"type":"area", "name":"null", "points":[{"x":261,"y":909}, {"x":1359,"y":916}, {"x":1301,"y":3141}, {"x":227,"y":3134}],"annotations":[{"type":"annotationAutomatic", "modifiable":false, "textAuto":"", "lines":[]}]}]}, {"type":"sheet", "name":"Fiche personnelle", "points":[{"x":1359,"y":912}, {"x":1994,"y":912}, {"x":1994,"y":2795}, {"x":1359,"y":2795}],"listInputs":[{"type":"area", "name":"null", "points":[{"x":1359,"y":912}, {"x":2026,"y":934}, {"x":1994,"y":2795}, {"x":1311,"y":2769}],"annotations":[{"type":"annotationAutomatic", "modifiable":false, "textAuto":"", "lines":[]}]}]}, {"type":"sheet", "name":"Fiche personnelle", "points":[{"x":261,"y":909}, {"x":1301,"y":909}, {"x":1301,"y":3141}, {"x":261,"y":3141}],"listInputs":[{"type":"area", "name":"Décision", "points":[{"x":261,"y":909}, {"x":1359,"y":916}, {"x":1301,"y":3141}, {"x":227,"y":3134}],"annotations":[{"type":"annotationAutomatic", "modifiable":false, "textAuto":"", "lines":[]}]}]}, {"type":"sheet", "name":"Fiche personnelle", "points":[{"x":1359,"y":912}, {"x":1994,"y":912}, {"x":1994,"y":2795}, {"x":1359,"y":2795}],"listInputs":[{"type":"area", "name":"Informations", "points":[{"x":1359,"y":912}, {"x":2026,"y":934}, {"x":1994,"y":2795}, {"x":1311,"y":2769}],"annotations":[{"type":"annotationAutomatic", "modifiable":false, "textAuto":"", "lines":[]}]}]}, {"type":"sheet", "name":"Fiche personnelle", "points":[{"x":1359,"y":912}, {"x":1994,"y":912}, {"x":1994,"y":2795}, {"x":1359,"y":2795}],"listInputs":[{"type":"area", "name":"Habitation", "points":[{"x":1359,"y":912}, {"x":2026,"y":934}, {"x":1994,"y":2795}, {"x":1311,"y":2769}],"annotations":[{"type":"annotationAutomatic", "modifiable":false, "textAuto":"", "lines":[]}]}]}, {"type":"sheet", "name":"Fiche personnelle", "points":[{"x":261,"y":909}, {"x":1301,"y":909}, {"x":1301,"y":3141}, {"x":261,"y":3141}],"listInputs":[{"type":"area", "name":"Secret gauche", "points":[{"x":261,"y":909}, {"x":1359,"y":916}, {"x":1301,"y":3141}, {"x":227,"y":3134}],"annotations":[{"type":"annotationAutomatic", "modifiable":false, "textAuto":"", "lines":[]}]}]}, {"type":"sheet", "name":"Fiche personnelle", "points":[{"x":1359,"y":912}, {"x":1994,"y":912}, {"x":1994,"y":2795}, {"x":1359,"y":2795}],"listInputs":[{"type":"area", "name":"Secret droit", "points":[{"x":1359,"y":912}, {"x":2026,"y":934}, {"x":1994,"y":2795}, {"x":1311,"y":2769}],"annotations":[{"type":"annotationAutomatic", "modifiable":false, "textAuto":"", "lines":[]}]}]}]}, {"id":"000001", "image":"docs/AD078_RM0430_000001.JPG", "sheetsIndex":[{"type":"sheet", "name":"Fiche personnelle", "points":[{"x":1249,"y":255}, {"x":1919,"y":255}, {"x":1919,"y":361}, {"x":1249,"y":361}],"listInputs":[{"type":"area", "name":"Matricule", "points":[{"x":1249,"y":255}, {"x":1920,"y":250}, {"x":1919,"y":361}, {"x":1249,"y":359}],"annotations":[{"type":"annotationAutomatic", "modifiable":false, "textAuto":"", "lines":[]}]}]}, {"type":"sheet", "name":"Fiche personnelle", "points":[{"x":151,"y":252}, {"x":1248,"y":252}, {"x":1248,"y":451}, {"x":151,"y":451}],"listInputs":[{"type":"area", "name":"Nom", "points":[{"x":151,"y":252}, {"x":1249,"y":254}, {"x":1248,"y":451}, {"x":150,"y":438}],"annotations":[{"type":"annotationAutomatic", "modifiable":false, "textAuto":"", "lines":[]}]}]}, {"type":"sheet", "name":"Fiche personnelle", "points":[{"x":1249,"y":359}, {"x":1918,"y":359}, {"x":1918,"y":447}, {"x":1249,"y":447}],"listInputs":[{"type":"area", "name":"Mobilisation", "points":[{"x":1249,"y":359}, {"x":1919,"y":361}, {"x":1918,"y":447}, {"x":1248,"y":454}],"annotations":[{"type":"annotationAutomatic", "modifiable":false, "textAuto":"", "lines":[]}]}]}, {"type":"sheet", "name":"Fiche personnelle", "points":[{"x":150,"y":438}, {"x":1244,"y":438}, {"x":1244,"y":944}, {"x":150,"y":944}],"listInputs":[{"type":"area", "name":"Etat civil", "points":[{"x":150,"y":438}, {"x":1248,"y":451}, {"x":1244,"y":944}, {"x":147,"y":929}],"annotations":[{"type":"annotationAutomatic", "modifiable":false, "textAuto":"", "lines":[]}]}]}, {"type":"sheet", "name":"Fiche personnelle", "points":[{"x":1248,"y":454}, {"x":1914,"y":454}, {"x":1914,"y":959}, {"x":1248,"y":959}],"listInputs":[{"type":"area", "name":"Signalement", "points":[{"x":1248,"y":454}, {"x":1918,"y":447}, {"x":1914,"y":959}, {"x":1244,"y":940}],"annotations":[{"type":"annotationAutomatic", "modifiable":false, "textAuto":"", "lines":[]}]}]}, {"type":"sheet", "name":"Fiche personnelle", "points":[{"x":0,"y":0}, {"x":0,"y":0}, {"x":0,"y":0}, {"x":0,"y":0}],"listInputs":[{"type":"area", "name":"Canton", "points":[{"x":0,"y":0}, {"x":0,"y":0}, {"x":0,"y":0}, {"x":0,"y":0}],"annotations":[{"type":"annotationAutomatic", "modifiable":false, "textAuto":"", "lines":[]}]}]}, {"type":"sheet", "name":"Fiche personnelle", "points":[{"x":0,"y":0}, {"x":0,"y":0}, {"x":0,"y":0}, {"x":0,"y":0}],"listInputs":[{"type":"area", "name":"Degré", "points":[{"x":0,"y":0}, {"x":0,"y":0}, {"x":0,"y":0}, {"x":0,"y":0}],"annotations":[{"type":"annotationAutomatic", "modifiable":false, "textAuto":"", "lines":[]}]}]}, {"type":"sheet", "name":"Fiche personnelle", "points":[{"x":147,"y":929}, {"x":1242,"y":929}, {"x":1242,"y":1147}, {"x":147,"y":1147}],"listInputs":[{"type":"area", "name":"Décision", "points":[{"x":147,"y":929}, {"x":1244,"y":944}, {"x":1242,"y":1147}, {"x":146,"y":1140}],"annotations":[{"type":"annotationAutomatic", "modifiable":false, "textAuto":"", "lines":[]}]}]}, {"type":"sheet", "name":"Fiche personnelle", "points":[{"x":1244,"y":940}, {"x":1907,"y":940}, {"x":1907,"y":1895}, {"x":1244,"y":1895}],"listInputs":[{"type":"area", "name":"Informations", "points":[{"x":1244,"y":940}, {"x":1914,"y":959}, {"x":1907,"y":1895}, {"x":1236,"y":1878}],"annotations":[{"type":"annotationAutomatic", "modifiable":false, "textAuto":"", "lines":[]}]}]}, {"type":"sheet", "name":"Fiche personnelle", "points":[{"x":1236,"y":1878}, {"x":1899,"y":1878}, {"x":1899,"y":2805}, {"x":1236,"y":2805}],"listInputs":[{"type":"area", "name":"Habitation", "points":[{"x":1236,"y":1878}, {"x":1907,"y":1895}, {"x":1899,"y":2805}, {"x":1228,"y":2789}],"annotations":[{"type":"annotationAutomatic", "modifiable":false, "textAuto":"", "lines":[]}]}]}, {"type":"sheet", "name":"Fiche personnelle", "points":[{"x":146,"y":1140}, {"x":1225,"y":1140}, {"x":1225,"y":3167}, {"x":146,"y":3167}],"listInputs":[{"type":"area", "name":"Secret gauche", "points":[{"x":146,"y":1140}, {"x":1242,"y":1147}, {"x":1225,"y":3167}, {"x":135,"y":3152}],"annotations":[{"type":"annotationAutomatic", "modifiable":false, "textAuto":"", "lines":[]}]}]}, {"type":"sheet", "name":"Fiche personnelle", "points":[{"x":1228,"y":2789}, {"x":1897,"y":2789}, {"x":1897,"y":3077}, {"x":1228,"y":3077}],"listInputs":[{"type":"area", "name":"Secret droit", "points":[{"x":1228,"y":2789}, {"x":1899,"y":2805}, {"x":1897,"y":3077}, {"x":1226,"y":3065}],"annotations":[{"type":"annotationAutomatic", "modifiable":false, "textAuto":"", "lines":[]}]}]}]}, {"id":"000007", "image":"docs/AD078_RM0430_000007.JPG", "sheetsIndex":[{"type":"sheet", "name":"Fiche personnelle", "points":[{"x":1253,"y":275}, {"x":1922,"y":275}, {"x":1922,"y":409}, {"x":1253,"y":409}],"listInputs":[{"type":"area", "name":"Matricule", "points":[{"x":1253,"y":275}, {"x":1923,"y":299}, {"x":1922,"y":409}, {"x":1252,"y":387}],"annotations":[{"type":"annotationAutomatic", "modifiable":false, "textAuto":"", "lines":[]}]}]}, {"type":"sheet", "name":"Fiche personnelle", "points":[{"x":138,"y":264}, {"x":1251,"y":264}, {"x":1251,"y":474}, {"x":138,"y":474}],"listInputs":[{"type":"area", "name":"Nom", "points":[{"x":138,"y":264}, {"x":1253,"y":275}, {"x":1251,"y":474}, {"x":136,"y":460}],"annotations":[{"type":"annotationAutomatic", "modifiable":false, "textAuto":"", "lines":[]}]}]}, {"type":"sheet", "name":"Fiche personnelle", "points":[{"x":1252,"y":387}, {"x":1921,"y":387}, {"x":1921,"y":494}, {"x":1252,"y":494}],"listInputs":[{"type":"area", "name":"Mobilisation", "points":[{"x":1252,"y":387}, {"x":1922,"y":409}, {"x":1921,"y":494}, {"x":1251,"y":479}],"annotations":[{"type":"annotationAutomatic", "modifiable":false, "textAuto":"", "lines":[]}]}]}, {"type":"sheet", "name":"Fiche personnelle", "points":[{"x":136,"y":460}, {"x":1247,"y":460}, {"x":1247,"y":974}, {"x":136,"y":974}],"listInputs":[{"type":"area", "name":"Etat civil", "points":[{"x":136,"y":460}, {"x":1251,"y":474}, {"x":1247,"y":974}, {"x":132,"y":954}],"annotations":[{"type":"annotationAutomatic", "modifiable":false, "textAuto":"", "lines":[]}]}]}, {"type":"sheet", "name":"Fiche personnelle", "points":[{"x":1251,"y":479}, {"x":1917,"y":479}, {"x":1917,"y":990}, {"x":1251,"y":990}],"listInputs":[{"type":"area", "name":"Signalement", "points":[{"x":1251,"y":479}, {"x":1921,"y":494}, {"x":1917,"y":990}, {"x":1247,"y":970}],"annotations":[{"type":"annotationAutomatic", "modifiable":false, "textAuto":"", "lines":[]}]}]}, {"type":"sheet", "name":"Fiche personnelle", "points":[{"x":0,"y":0}, {"x":0,"y":0}, {"x":0,"y":0}, {"x":0,"y":0}],"listInputs":[{"type":"area", "name":"Canton", "points":[{"x":0,"y":0}, {"x":0,"y":0}, {"x":0,"y":0}, {"x":0,"y":0}],"annotations":[{"type":"annotationAutomatic", "modifiable":false, "textAuto":"", "lines":[]}]}]}, {"type":"sheet", "name":"Fiche personnelle", "points":[{"x":0,"y":0}, {"x":0,"y":0}, {"x":0,"y":0}, {"x":0,"y":0}],"listInputs":[{"type":"area", "name":"Degré", "points":[{"x":0,"y":0}, {"x":0,"y":0}, {"x":0,"y":0}, {"x":0,"y":0}],"annotations":[{"type":"annotationAutomatic", "modifiable":false, "textAuto":"", "lines":[]}]}]}, {"type":"sheet", "name":"Fiche personnelle", "points":[{"x":132,"y":954}, {"x":1245,"y":954}, {"x":1245,"y":1182}, {"x":132,"y":1182}],"listInputs":[{"type":"area", "name":"Décision", "points":[{"x":132,"y":954}, {"x":1247,"y":974}, {"x":1245,"y":1182}, {"x":130,"y":1166}],"annotations":[{"type":"annotationAutomatic", "modifiable":false, "textAuto":"", "lines":[]}]}]}, {"type":"sheet", "name":"Fiche personnelle", "points":[{"x":1247,"y":970}, {"x":1910,"y":970}, {"x":1910,"y":1922}, {"x":1247,"y":1922}],"listInputs":[{"type":"area", "name":"Informations", "points":[{"x":1247,"y":970}, {"x":1917,"y":990}, {"x":1910,"y":1922}, {"x":1239,"y":1911}],"annotations":[{"type":"annotationAutomatic", "modifiable":false, "textAuto":"", "lines":[]}]}]}, {"type":"sheet", "name":"Fiche personnelle", "points":[{"x":1239,"y":1911}, {"x":1903,"y":1911}, {"x":1903,"y":2830}, {"x":1239,"y":2830}],"listInputs":[{"type":"area", "name":"Habitation", "points":[{"x":1239,"y":1911}, {"x":1910,"y":1922}, {"x":1903,"y":2830}, {"x":1231,"y":2821}],"annotations":[{"type":"annotationAutomatic", "modifiable":false, "textAuto":"", "lines":[]}]}]}, {"type":"sheet", "name":"Fiche personnelle", "points":[{"x":130,"y":1166}, {"x":1228,"y":1166}, {"x":1228,"y":3196}, {"x":130,"y":3196}],"listInputs":[{"type":"area", "name":"Secret gauche", "points":[{"x":130,"y":1166}, {"x":1245,"y":1182}, {"x":1228,"y":3196}, {"x":114,"y":3184}],"annotations":[{"type":"annotationAutomatic", "modifiable":false, "textAuto":"", "lines":[]}]}]}, {"type":"sheet", "name":"Fiche personnelle", "points":[{"x":1231,"y":2821}, {"x":1901,"y":2821}, {"x":1901,"y":3102}, {"x":1231,"y":3102}],"listInputs":[{"type":"area", "name":"Secret droit", "points":[{"x":1231,"y":2821}, {"x":1903,"y":2830}, {"x":1901,"y":3102}, {"x":1228,"y":3096}],"annotations":[{"type":"annotationAutomatic", "modifiable":false, "textAuto":"", "lines":[]}]}]}]}, {"id":"000006", "image":"docs/AD078_RM0430_000006.JPG", "sheetsIndex":[{"type":"sheet", "name":"Fiche personnelle", "points":[{"x":1356,"y":256}, {"x":2026,"y":256}, {"x":2026,"y":373}, {"x":1356,"y":373}],"listInputs":[{"type":"area", "name":"Matricule", "points":[{"x":1356,"y":256}, {"x":2027,"y":266}, {"x":2026,"y":373}, {"x":1355,"y":367}],"annotations":[{"type":"annotationAutomatic", "modifiable":false, "textAuto":"", "lines":[]}]}]}, {"type":"sheet", "name":"Fiche personnelle", "points":[{"x":244,"y":256}, {"x":1355,"y":256}, {"x":1355,"y":460}, {"x":244,"y":460}],"listInputs":[{"type":"area", "name":"Nom", "points":[{"x":244,"y":256}, {"x":1356,"y":256}, {"x":1355,"y":460}, {"x":243,"y":457}],"annotations":[{"type":"annotationAutomatic", "modifiable":false, "textAuto":"", "lines":[]}]}]}, {"type":"sheet", "name":"Fiche personnelle", "points":[{"x":1355,"y":367}, {"x":2026,"y":367}, {"x":2026,"y":463}, {"x":1355,"y":463}],"listInputs":[{"type":"area", "name":"Mobilisation", "points":[{"x":1355,"y":367}, {"x":2026,"y":373}, {"x":2026,"y":463}, {"x":1355,"y":460}],"annotations":[{"type":"annotationAutomatic", "modifiable":false, "textAuto":"", "lines":[]}]}]}, {"type":"sheet", "name":"Fiche personnelle", "points":[{"x":243,"y":457}, {"x":1354,"y":457}, {"x":1354,"y":963}, {"x":243,"y":963}],"listInputs":[{"type":"area", "name":"Etat civil", "points":[{"x":243,"y":457}, {"x":1355,"y":460}, {"x":1354,"y":963}, {"x":242,"y":952}],"annotations":[{"type":"annotationAutomatic", "modifiable":false, "textAuto":"", "lines":[]}]}]}, {"type":"sheet", "name":"Fiche personnelle", "points":[{"x":1355,"y":460}, {"x":2025,"y":460}, {"x":2025,"y":957}, {"x":1355,"y":957}],"listInputs":[{"type":"area", "name":"Signalement", "points":[{"x":1355,"y":460}, {"x":2026,"y":463}, {"x":2025,"y":957}, {"x":1354,"y":961}],"annotations":[{"type":"annotationAutomatic", "modifiable":false, "textAuto":"", "lines":[]}]}]}, {"type":"sheet", "name":"Fiche personnelle", "points":[{"x":0,"y":0}, {"x":0,"y":0}, {"x":0,"y":0}, {"x":0,"y":0}],"listInputs":[{"type":"area", "name":"Canton", "points":[{"x":0,"y":0}, {"x":0,"y":0}, {"x":0,"y":0}, {"x":0,"y":0}],"annotations":[{"type":"annotationAutomatic", "modifiable":false, "textAuto":"", "lines":[]}]}]}, {"type":"sheet", "name":"Fiche personnelle", "points":[{"x":0,"y":0}, {"x":0,"y":0}, {"x":0,"y":0}, {"x":0,"y":0}],"listInputs":[{"type":"area", "name":"Degré", "points":[{"x":0,"y":0}, {"x":0,"y":0}, {"x":0,"y":0}, {"x":0,"y":0}],"annotations":[{"type":"annotationAutomatic", "modifiable":false, "textAuto":"", "lines":[]}]}]}, {"type":"sheet", "name":"Fiche personnelle", "points":[{"x":242,"y":952}, {"x":1353,"y":952}, {"x":1353,"y":1174}, {"x":242,"y":1174}],"listInputs":[{"type":"area", "name":"Décision", "points":[{"x":242,"y":952}, {"x":1354,"y":963}, {"x":1353,"y":1174}, {"x":241,"y":1166}],"annotations":[{"type":"annotationAutomatic", "modifiable":false, "textAuto":"", "lines":[]}]}]}, {"type":"sheet", "name":"Fiche personnelle", "points":[{"x":1354,"y":961}, {"x":2023,"y":961}, {"x":2023,"y":1896}, {"x":1354,"y":1896}],"listInputs":[{"type":"area", "name":"Informations", "points":[{"x":1354,"y":961}, {"x":2025,"y":957}, {"x":2023,"y":1896}, {"x":1352,"y":1901}],"annotations":[{"type":"annotationAutomatic", "modifiable":false, "textAuto":"", "lines":[]}]}]}, {"type":"sheet", "name":"Fiche personnelle", "points":[{"x":1352,"y":1901}, {"x":2020,"y":1901}, {"x":2020,"y":2807}, {"x":1352,"y":2807}],"listInputs":[{"type":"area", "name":"Habitation", "points":[{"x":1352,"y":1901}, {"x":2023,"y":1896}, {"x":2020,"y":2807}, {"x":1349,"y":2800}],"annotations":[{"type":"annotationAutomatic", "modifiable":false, "textAuto":"", "lines":[]}]}]}, {"type":"sheet", "name":"Fiche personnelle", "points":[{"x":241,"y":1166}, {"x":1348,"y":1166}, {"x":1348,"y":3175}, {"x":241,"y":3175}],"listInputs":[{"type":"area", "name":"Secret gauche", "points":[{"x":241,"y":1166}, {"x":1353,"y":1174}, {"x":1348,"y":3175}, {"x":235,"y":3160}],"annotations":[{"type":"annotationAutomatic", "modifiable":false, "textAuto":"", "lines":[]}]}]}, {"type":"sheet", "name":"Fiche personnelle", "points":[{"x":1349,"y":2800}, {"x":2020,"y":2800}, {"x":2020,"y":3083}, {"x":1349,"y":3083}],"listInputs":[{"type":"area", "name":"Secret droit", "points":[{"x":1349,"y":2800}, {"x":2020,"y":2807}, {"x":2020,"y":3083}, {"x":1349,"y":3076}],"annotations":[{"type":"annotationAutomatic", "modifiable":false, "textAuto":"", "lines":[]}]}]}]}, {"id":"000005", "image":"docs/AD078_RM0430_000005.JPG", "sheetsIndex":[{"type":"sheet", "name":"Fiche personnelle", "points":[{"x":1256,"y":273}, {"x":1929,"y":273}, {"x":1929,"y":404}, {"x":1256,"y":404}],"listInputs":[{"type":"area", "name":"Matricule", "points":[{"x":1256,"y":273}, {"x":1930,"y":297}, {"x":1929,"y":404}, {"x":1255,"y":384}],"annotations":[{"type":"annotationAutomatic", "modifiable":false, "textAuto":"", "lines":[]}]}]}, {"type":"sheet", "name":"Fiche personnelle", "points":[{"x":142,"y":258}, {"x":1255,"y":258}, {"x":1255,"y":470}, {"x":142,"y":470}],"listInputs":[{"type":"area", "name":"Nom", "points":[{"x":142,"y":258}, {"x":1256,"y":273}, {"x":1255,"y":470}, {"x":140,"y":455}],"annotations":[{"type":"annotationAutomatic", "modifiable":false, "textAuto":"", "lines":[]}]}]}, {"type":"sheet", "name":"Fiche personnelle", "points":[{"x":1255,"y":384}, {"x":1928,"y":384}, {"x":1928,"y":489}, {"x":1255,"y":489}],"listInputs":[{"type":"area", "name":"Mobilisation", "points":[{"x":1255,"y":384}, {"x":1929,"y":404}, {"x":1928,"y":489}, {"x":1255,"y":474}],"annotations":[{"type":"annotationAutomatic", "modifiable":false, "textAuto":"", "lines":[]}]}]}, {"type":"sheet", "name":"Fiche personnelle", "points":[{"x":140,"y":455}, {"x":1252,"y":455}, {"x":1252,"y":975}, {"x":140,"y":975}],"listInputs":[{"type":"area", "name":"Etat civil", "points":[{"x":140,"y":455}, {"x":1255,"y":470}, {"x":1252,"y":975}, {"x":137,"y":954}],"annotations":[{"type":"annotationAutomatic", "modifiable":false, "textAuto":"", "lines":[]}]}]}, {"type":"sheet", "name":"Fiche personnelle", "points":[{"x":1255,"y":474}, {"x":1926,"y":474}, {"x":1926,"y":982}, {"x":1255,"y":982}],"listInputs":[{"type":"area", "name":"Signalement", "points":[{"x":1255,"y":474}, {"x":1928,"y":489}, {"x":1926,"y":982}, {"x":1252,"y":970}],"annotations":[{"type":"annotationAutomatic", "modifiable":false, "textAuto":"", "lines":[]}]}]}, {"type":"sheet", "name":"Fiche personnelle", "points":[{"x":0,"y":0}, {"x":0,"y":0}, {"x":0,"y":0}, {"x":0,"y":0}],"listInputs":[{"type":"area", "name":"Canton", "points":[{"x":0,"y":0}, {"x":0,"y":0}, {"x":0,"y":0}, {"x":0,"y":0}],"annotations":[{"type":"annotationAutomatic", "modifiable":false, "textAuto":"", "lines":[]}]}]}, {"type":"sheet", "name":"Fiche personnelle", "points":[{"x":0,"y":0}, {"x":0,"y":0}, {"x":0,"y":0}, {"x":0,"y":0}],"listInputs":[{"type":"area", "name":"Degré", "points":[{"x":0,"y":0}, {"x":0,"y":0}, {"x":0,"y":0}, {"x":0,"y":0}],"annotations":[{"type":"annotationAutomatic", "modifiable":false, "textAuto":"", "lines":[]}]}]}, {"type":"sheet", "name":"Fiche personnelle", "points":[{"x":137,"y":954}, {"x":1251,"y":954}, {"x":1251,"y":1184}, {"x":137,"y":1184}],"listInputs":[{"type":"area", "name":"Décision", "points":[{"x":137,"y":954}, {"x":1252,"y":975}, {"x":1251,"y":1184}, {"x":136,"y":1163}],"annotations":[{"type":"annotationAutomatic", "modifiable":false, "textAuto":"", "lines":[]}]}]}, {"type":"sheet", "name":"Fiche personnelle", "points":[{"x":1252,"y":970}, {"x":1921,"y":970}, {"x":1921,"y":1913}, {"x":1252,"y":1913}],"listInputs":[{"type":"area", "name":"Informations", "points":[{"x":1252,"y":970}, {"x":1926,"y":982}, {"x":1921,"y":1913}, {"x":1248,"y":1905}],"annotations":[{"type":"annotationAutomatic", "modifiable":false, "textAuto":"", "lines":[]}]}]}, {"type":"sheet", "name":"Fiche personnelle", "points":[{"x":1248,"y":1905}, {"x":1916,"y":1905}, {"x":1916,"y":2822}, {"x":1248,"y":2822}],"listInputs":[{"type":"area", "name":"Habitation", "points":[{"x":1248,"y":1905}, {"x":1921,"y":1913}, {"x":1916,"y":2822}, {"x":1243,"y":2817}],"annotations":[{"type":"annotationAutomatic", "modifiable":false, "textAuto":"", "lines":[]}]}]}, {"type":"sheet", "name":"Fiche personnelle", "points":[{"x":136,"y":1163}, {"x":1241,"y":1163}, {"x":1241,"y":3191}, {"x":136,"y":3191}],"listInputs":[{"type":"area", "name":"Secret gauche", "points":[{"x":136,"y":1163}, {"x":1251,"y":1184}, {"x":1241,"y":3191}, {"x":122,"y":3185}],"annotations":[{"type":"annotationAutomatic", "modifiable":false, "textAuto":"", "lines":[]}]}]}, {"type":"sheet", "name":"Fiche personnelle", "points":[{"x":1243,"y":2817}, {"x":1914,"y":2817}, {"x":1914,"y":3092}, {"x":1243,"y":3092}],"listInputs":[{"type":"area", "name":"Secret droit", "points":[{"x":1243,"y":2817}, {"x":1916,"y":2822}, {"x":1914,"y":3092}, {"x":1242,"y":3090}],"annotations":[{"type":"annotationAutomatic", "modifiable":false, "textAuto":"", "lines":[]}]}]}]}, {"id":"000004", "image":"docs/AD078_RM0430_000004.JPG", "sheetsIndex":[{"type":"sheet", "name":"Fiche personnelle", "points":[{"x":1364,"y":263}, {"x":2040,"y":263}, {"x":2040,"y":381}, {"x":1364,"y":381}],"listInputs":[{"type":"area", "name":"Matricule", "points":[{"x":1364,"y":263}, {"x":2040,"y":274}, {"x":2040,"y":381}, {"x":1365,"y":374}],"annotations":[{"type":"annotationAutomatic", "modifiable":false, "textAuto":"", "lines":[]}]}]}, {"type":"sheet", "name":"Fiche personnelle", "points":[{"x":255,"y":267}, {"x":1365,"y":267}, {"x":1365,"y":463}, {"x":255,"y":463}],"listInputs":[{"type":"area", "name":"Nom", "points":[{"x":255,"y":267}, {"x":1364,"y":264}, {"x":1365,"y":463}, {"x":255,"y":473}],"annotations":[{"type":"annotationAutomatic", "modifiable":false, "textAuto":"", "lines":[]}]}]}, {"type":"sheet", "name":"Fiche personnelle", "points":[{"x":1365,"y":374}, {"x":2040,"y":374}, {"x":2040,"y":469}, {"x":1365,"y":469}],"listInputs":[{"type":"area", "name":"Mobilisation", "points":[{"x":1365,"y":374}, {"x":2040,"y":381}, {"x":2040,"y":469}, {"x":1365,"y":465}],"annotations":[{"type":"annotationAutomatic", "modifiable":false, "textAuto":"", "lines":[]}]}]}, {"type":"sheet", "name":"Fiche personnelle", "points":[{"x":255,"y":473}, {"x":1365,"y":473}, {"x":1365,"y":950}, {"x":255,"y":950}],"listInputs":[{"type":"area", "name":"Etat civil", "points":[{"x":255,"y":473}, {"x":1365,"y":463}, {"x":1365,"y":950}, {"x":255,"y":963}],"annotations":[{"type":"annotationAutomatic", "modifiable":false, "textAuto":"", "lines":[]}]}]}, {"type":"sheet", "name":"Fiche personnelle", "points":[{"x":1365,"y":465}, {"x":2040,"y":465}, {"x":2040,"y":961}, {"x":1365,"y":961}],"listInputs":[{"type":"area", "name":"Signalement", "points":[{"x":1365,"y":465}, {"x":2040,"y":469}, {"x":2040,"y":961}, {"x":1365,"y":952}],"annotations":[{"type":"annotationAutomatic", "modifiable":false, "textAuto":"", "lines":[]}]}]}, {"type":"sheet", "name":"Fiche personnelle", "points":[{"x":0,"y":0}, {"x":0,"y":0}, {"x":0,"y":0}, {"x":0,"y":0}],"listInputs":[{"type":"area", "name":"Canton", "points":[{"x":0,"y":0}, {"x":0,"y":0}, {"x":0,"y":0}, {"x":0,"y":0}],"annotations":[{"type":"annotationAutomatic", "modifiable":false, "textAuto":"", "lines":[]}]}]}, {"type":"sheet", "name":"Fiche personnelle", "points":[{"x":0,"y":0}, {"x":0,"y":0}, {"x":0,"y":0}, {"x":0,"y":0}],"listInputs":[{"type":"area", "name":"Degré", "points":[{"x":0,"y":0}, {"x":0,"y":0}, {"x":0,"y":0}, {"x":0,"y":0}],"annotations":[{"type":"annotationAutomatic", "modifiable":false, "textAuto":"", "lines":[]}]}]}, {"type":"sheet", "name":"Fiche personnelle", "points":[{"x":255,"y":963}, {"x":1365,"y":963}, {"x":1365,"y":1163}, {"x":255,"y":1163}],"listInputs":[{"type":"area", "name":"Décision", "points":[{"x":255,"y":963}, {"x":1365,"y":950}, {"x":1365,"y":1163}, {"x":255,"y":1175}],"annotations":[{"type":"annotationAutomatic", "modifiable":false, "textAuto":"", "lines":[]}]}]}, {"type":"sheet", "name":"Fiche personnelle", "points":[{"x":1365,"y":952}, {"x":2040,"y":952}, {"x":2040,"y":1893}, {"x":1365,"y":1893}],"listInputs":[{"type":"area", "name":"Informations", "points":[{"x":1365,"y":952}, {"x":2040,"y":961}, {"x":2040,"y":1893}, {"x":1366,"y":1901}],"annotations":[{"type":"annotationAutomatic", "modifiable":false, "textAuto":"", "lines":[]}]}]}, {"type":"sheet", "name":"Fiche personnelle", "points":[{"x":1366,"y":1901}, {"x":2040,"y":1901}, {"x":2040,"y":2798}, {"x":1366,"y":2798}],"listInputs":[{"type":"area", "name":"Habitation", "points":[{"x":1366,"y":1901}, {"x":2040,"y":1893}, {"x":2040,"y":2798}, {"x":1366,"y":2795}],"annotations":[{"type":"annotationAutomatic", "modifiable":false, "textAuto":"", "lines":[]}]}]}, {"type":"sheet", "name":"Fiche personnelle", "points":[{"x":255,"y":1175}, {"x":1367,"y":1175}, {"x":1367,"y":3172}, {"x":255,"y":3172}],"listInputs":[{"type":"area", "name":"Secret gauche", "points":[{"x":255,"y":1175}, {"x":1365,"y":1163}, {"x":1367,"y":3172}, {"x":258,"y":3168}],"annotations":[{"type":"annotationAutomatic", "modifiable":false, "textAuto":"", "lines":[]}]}]}, {"type":"sheet", "name":"Fiche personnelle", "points":[{"x":1366,"y":2795}, {"x":2040,"y":2795}, {"x":2040,"y":3072}, {"x":1366,"y":3072}],"listInputs":[{"type":"area", "name":"Secret droit", "points":[{"x":1366,"y":2795}, {"x":2040,"y":2798}, {"x":2040,"y":3072}, {"x":1366,"y":3074}],"annotations":[{"type":"annotationAutomatic", "modifiable":false, "textAuto":"", "lines":[]}]}]}]}, {"id":"000009", "image":"docs/AD078_RM0430_000009.JPG", "sheetsIndex":[{"type":"sheet", "name":"Fiche personnelle", "points":[{"x":1268,"y":265}, {"x":1941,"y":265}, {"x":1941,"y":400}, {"x":1268,"y":400}],"listInputs":[{"type":"area", "name":"Matricule", "points":[{"x":1268,"y":265}, {"x":1942,"y":292}, {"x":1941,"y":400}, {"x":1267,"y":376}],"annotations":[{"type":"annotationAutomatic", "modifiable":false, "textAuto":"", "lines":[]}]}]}, {"type":"sheet", "name":"Fiche personnelle", "points":[{"x":152,"y":248}, {"x":1266,"y":248}, {"x":1266,"y":467}, {"x":152,"y":467}],"listInputs":[{"type":"area", "name":"Nom", "points":[{"x":152,"y":248}, {"x":1268,"y":265}, {"x":1266,"y":467}, {"x":150,"y":445}],"annotations":[{"type":"annotationAutomatic", "modifiable":false, "textAuto":"", "lines":[]}]}]}, {"type":"sheet", "name":"Fiche personnelle", "points":[{"x":1267,"y":376}, {"x":1940,"y":376}, {"x":1940,"y":488}, {"x":1267,"y":488}],"listInputs":[{"type":"area", "name":"Mobilisation", "points":[{"x":1267,"y":376}, {"x":1941,"y":400}, {"x":1940,"y":488}, {"x":1266,"y":467}],"annotations":[{"type":"annotationAutomatic", "modifiable":false, "textAuto":"", "lines":[]}]}]}, {"type":"sheet", "name":"Fiche personnelle", "points":[{"x":150,"y":445}, {"x":1263,"y":445}, {"x":1263,"y":969}, {"x":150,"y":969}],"listInputs":[{"type":"area", "name":"Etat civil", "points":[{"x":150,"y":445}, {"x":1266,"y":467}, {"x":1263,"y":969}, {"x":146,"y":946}],"annotations":[{"type":"annotationAutomatic", "modifiable":false, "textAuto":"", "lines":[]}]}]}, {"type":"sheet", "name":"Fiche personnelle", "points":[{"x":1266,"y":467}, {"x":1935,"y":467}, {"x":1935,"y":980}, {"x":1266,"y":980}],"listInputs":[{"type":"area", "name":"Signalement", "points":[{"x":1266,"y":467}, {"x":1940,"y":488}, {"x":1935,"y":980}, {"x":1263,"y":963}],"annotations":[{"type":"annotationAutomatic", "modifiable":false, "textAuto":"", "lines":[]}]}]}, {"type":"sheet", "name":"Fiche personnelle", "points":[{"x":0,"y":0}, {"x":0,"y":0}, {"x":0,"y":0}, {"x":0,"y":0}],"listInputs":[{"type":"area", "name":"Canton", "points":[{"x":0,"y":0}, {"x":0,"y":0}, {"x":0,"y":0}, {"x":0,"y":0}],"annotations":[{"type":"annotationAutomatic", "modifiable":false, "textAuto":"", "lines":[]}]}]}, {"type":"sheet", "name":"Fiche personnelle", "points":[{"x":0,"y":0}, {"x":0,"y":0}, {"x":0,"y":0}, {"x":0,"y":0}],"listInputs":[{"type":"area", "name":"Degré", "points":[{"x":0,"y":0}, {"x":0,"y":0}, {"x":0,"y":0}, {"x":0,"y":0}],"annotations":[{"type":"annotationAutomatic", "modifiable":false, "textAuto":"", "lines":[]}]}]}, {"type":"sheet", "name":"Fiche personnelle", "points":[{"x":146,"y":946}, {"x":1261,"y":946}, {"x":1261,"y":1178}, {"x":146,"y":1178}],"listInputs":[{"type":"area", "name":"Décision", "points":[{"x":146,"y":946}, {"x":1263,"y":969}, {"x":1261,"y":1178}, {"x":145,"y":1156}],"annotations":[{"type":"annotationAutomatic", "modifiable":false, "textAuto":"", "lines":[]}]}]}, {"type":"sheet", "name":"Fiche personnelle", "points":[{"x":1263,"y":963}, {"x":1927,"y":963}, {"x":1927,"y":1911}, {"x":1263,"y":1911}],"listInputs":[{"type":"area", "name":"Informations", "points":[{"x":1263,"y":963}, {"x":1935,"y":980}, {"x":1927,"y":1911}, {"x":1256,"y":1900}],"annotations":[{"type":"annotationAutomatic", "modifiable":false, "textAuto":"", "lines":[]}]}]}, {"type":"sheet", "name":"Fiche personnelle", "points":[{"x":1256,"y":1900}, {"x":1919,"y":1900}, {"x":1919,"y":2820}, {"x":1256,"y":2820}],"listInputs":[{"type":"area", "name":"Habitation", "points":[{"x":1256,"y":1900}, {"x":1927,"y":1911}, {"x":1919,"y":2820}, {"x":1249,"y":2814}],"annotations":[{"type":"annotationAutomatic", "modifiable":false, "textAuto":"", "lines":[]}]}]}, {"type":"sheet", "name":"Fiche personnelle", "points":[{"x":145,"y":1156}, {"x":1246,"y":1156}, {"x":1246,"y":3189}, {"x":145,"y":3189}],"listInputs":[{"type":"area", "name":"Secret gauche", "points":[{"x":145,"y":1156}, {"x":1261,"y":1178}, {"x":1246,"y":3189}, {"x":130,"y":3182}],"annotations":[{"type":"annotationAutomatic", "modifiable":false, "textAuto":"", "lines":[]}]}]}, {"type":"sheet", "name":"Fiche personnelle", "points":[{"x":1249,"y":2814}, {"x":1916,"y":2814}, {"x":1916,"y":3091}, {"x":1249,"y":3091}],"listInputs":[{"type":"area", "name":"Secret droit", "points":[{"x":1249,"y":2814}, {"x":1919,"y":2820}, {"x":1916,"y":3091}, {"x":1247,"y":3087}],"annotations":[{"type":"annotationAutomatic", "modifiable":false, "textAuto":"", "lines":[]}]}]}]}, {"id":"000008", "image":"docs/AD078_RM0430_000008.JPG", "sheetsIndex":[{"type":"sheet", "name":"Fiche personnelle", "points":[{"x":1357,"y":261}, {"x":2030,"y":261}, {"x":2030,"y":375}, {"x":1357,"y":375}],"listInputs":[{"type":"area", "name":"Matricule", "points":[{"x":1357,"y":261}, {"x":2031,"y":267}, {"x":2030,"y":375}, {"x":1356,"y":375}],"annotations":[{"type":"annotationAutomatic", "modifiable":false, "textAuto":"", "lines":[]}]}]}, {"type":"sheet", "name":"Fiche personnelle", "points":[{"x":246,"y":260}, {"x":1356,"y":260}, {"x":1356,"y":466}, {"x":246,"y":466}],"listInputs":[{"type":"area", "name":"Nom", "points":[{"x":246,"y":260}, {"x":1357,"y":261}, {"x":1356,"y":466}, {"x":246,"y":464}],"annotations":[{"type":"annotationAutomatic", "modifiable":false, "textAuto":"", "lines":[]}]}]}, {"type":"sheet", "name":"Fiche personnelle", "points":[{"x":1356,"y":375}, {"x":2030,"y":375}, {"x":2030,"y":464}, {"x":1356,"y":464}],"listInputs":[{"type":"area", "name":"Mobilisation", "points":[{"x":1356,"y":375}, {"x":2030,"y":375}, {"x":2030,"y":464}, {"x":1356,"y":455}],"annotations":[{"type":"annotationAutomatic", "modifiable":false, "textAuto":"", "lines":[]}]}]}, {"type":"sheet", "name":"Fiche personnelle", "points":[{"x":246,"y":464}, {"x":1356,"y":464}, {"x":1356,"y":955}, {"x":246,"y":955}],"listInputs":[{"type":"area", "name":"Etat civil", "points":[{"x":246,"y":464}, {"x":1356,"y":466}, {"x":1356,"y":955}, {"x":246,"y":957}],"annotations":[{"type":"annotationAutomatic", "modifiable":false, "textAuto":"", "lines":[]}]}]}, {"type":"sheet", "name":"Fiche personnelle", "points":[{"x":1356,"y":455}, {"x":2030,"y":455}, {"x":2030,"y":957}, {"x":1356,"y":957}],"listInputs":[{"type":"area", "name":"Signalement", "points":[{"x":1356,"y":455}, {"x":2030,"y":464}, {"x":2030,"y":957}, {"x":1356,"y":960}],"annotations":[{"type":"annotationAutomatic", "modifiable":false, "textAuto":"", "lines":[]}]}]}, {"type":"sheet", "name":"Fiche personnelle", "points":[{"x":0,"y":0}, {"x":0,"y":0}, {"x":0,"y":0}, {"x":0,"y":0}],"listInputs":[{"type":"area", "name":"Canton", "points":[{"x":0,"y":0}, {"x":0,"y":0}, {"x":0,"y":0}, {"x":0,"y":0}],"annotations":[{"type":"annotationAutomatic", "modifiable":false, "textAuto":"", "lines":[]}]}]}, {"type":"sheet", "name":"Fiche personnelle", "points":[{"x":0,"y":0}, {"x":0,"y":0}, {"x":0,"y":0}, {"x":0,"y":0}],"listInputs":[{"type":"area", "name":"Degré", "points":[{"x":0,"y":0}, {"x":0,"y":0}, {"x":0,"y":0}, {"x":0,"y":0}],"annotations":[{"type":"annotationAutomatic", "modifiable":false, "textAuto":"", "lines":[]}]}]}, {"type":"sheet", "name":"Fiche personnelle", "points":[{"x":246,"y":957}, {"x":1356,"y":957}, {"x":1356,"y":1165}, {"x":246,"y":1165}],"listInputs":[{"type":"area", "name":"Décision", "points":[{"x":246,"y":957}, {"x":1356,"y":955}, {"x":1356,"y":1165}, {"x":246,"y":1169}],"annotations":[{"type":"annotationAutomatic", "modifiable":false, "textAuto":"", "lines":[]}]}]}, {"type":"sheet", "name":"Fiche personnelle", "points":[{"x":1356,"y":960}, {"x":2029,"y":960}, {"x":2029,"y":1892}, {"x":1356,"y":1892}],"listInputs":[{"type":"area", "name":"Informations", "points":[{"x":1356,"y":960}, {"x":2030,"y":957}, {"x":2029,"y":1892}, {"x":1355,"y":1900}],"annotations":[{"type":"annotationAutomatic", "modifiable":false, "textAuto":"", "lines":[]}]}]}, {"type":"sheet", "name":"Fiche personnelle", "points":[{"x":1355,"y":1900}, {"x":2029,"y":1900}, {"x":2029,"y":2799}, {"x":1355,"y":2799}],"listInputs":[{"type":"area", "name":"Habitation", "points":[{"x":1355,"y":1900}, {"x":2029,"y":1892}, {"x":2029,"y":2799}, {"x":1354,"y":2799}],"annotations":[{"type":"annotationAutomatic", "modifiable":false, "textAuto":"", "lines":[]}]}]}, {"type":"sheet", "name":"Fiche personnelle", "points":[{"x":246,"y":1169}, {"x":1354,"y":1169}, {"x":1354,"y":3153}, {"x":246,"y":3153}],"listInputs":[{"type":"area", "name":"Secret gauche", "points":[{"x":246,"y":1169}, {"x":1356,"y":1165}, {"x":1354,"y":3153}, {"x":249,"y":3201}],"annotations":[{"type":"annotationAutomatic", "modifiable":false, "textAuto":"", "lines":[]}]}]}, {"type":"sheet", "name":"Fiche personnelle", "points":[{"x":1354,"y":2799}, {"x":2029,"y":2799}, {"x":2029,"y":3075}, {"x":1354,"y":3075}],"listInputs":[{"type":"area", "name":"Secret droit", "points":[{"x":1354,"y":2799}, {"x":2029,"y":2799}, {"x":2029,"y":3075}, {"x":1354,"y":3075}],"annotations":[{"type":"annotationAutomatic", "modifiable":false, "textAuto":"", "lines":[]}]}]}, {"type":"sheet", "name":"Fiche personnelle", "points":[{"x":1356,"y":261}, {"x":2028,"y":261}, {"x":2028,"y":376}, {"x":1356,"y":376}],"listInputs":[{"type":"area", "name":"Matricule", "points":[{"x":1356,"y":261}, {"x":2030,"y":267}, {"x":2028,"y":376}, {"x":1354,"y":373}],"annotations":[{"type":"annotationAutomatic", "modifiable":false, "textAuto":"", "lines":[]}]}]}, {"type":"sheet", "name":"Fiche personnelle", "points":[{"x":245,"y":257}, {"x":1353,"y":257}, {"x":1353,"y":466}, {"x":245,"y":466}],"listInputs":[{"type":"area", "name":"Nom", "points":[{"x":245,"y":257}, {"x":1356,"y":261}, {"x":1353,"y":466}, {"x":242,"y":462}],"annotations":[{"type":"annotationAutomatic", "modifiable":false, "textAuto":"", "lines":[]}]}]}, {"type":"sheet", "name":"Fiche personnelle", "points":[{"x":1354,"y":373}, {"x":2027,"y":373}, {"x":2027,"y":464}, {"x":1354,"y":464}],"listInputs":[{"type":"area", "name":"Mobilisation", "points":[{"x":1354,"y":373}, {"x":2028,"y":376}, {"x":2027,"y":464}, {"x":1353,"y":455}],"annotations":[{"type":"annotationAutomatic", "modifiable":false, "textAuto":"", "lines":[]}]}]}, {"type":"sheet", "name":"Fiche personnelle", "points":[{"x":242,"y":462}, {"x":1346,"y":462}, {"x":1346,"y":959}, {"x":242,"y":959}],"listInputs":[{"type":"area", "name":"Etat civil", "points":[{"x":242,"y":462}, {"x":1353,"y":466}, {"x":1346,"y":959}, {"x":235,"y":955}],"annotations":[{"type":"annotationAutomatic", "modifiable":false, "textAuto":"", "lines":[]}]}]}, {"type":"sheet", "name":"Fiche personnelle", "points":[{"x":1353,"y":455}, {"x":2020,"y":455}, {"x":2020,"y":957}, {"x":1353,"y":957}],"listInputs":[{"type":"area", "name":"Signalement", "points":[{"x":1353,"y":455}, {"x":2027,"y":464}, {"x":2020,"y":957}, {"x":1346,"y":960}],"annotations":[{"type":"annotationAutomatic", "modifiable":false, "textAuto":"", "lines":[]}]}]}, {"type":"sheet", "name":"Fiche personnelle", "points":[{"x":235,"y":955}, {"x":1317,"y":955}, {"x":1317,"y":3184}, {"x":235,"y":3184}],"listInputs":[{"type":"area", "name":"null", "points":[{"x":235,"y":955}, {"x":1346,"y":959}, {"x":1317,"y":3184}, {"x":206,"y":3180}],"annotations":[{"type":"annotationAutomatic", "modifiable":false, "textAuto":"", "lines":[]}]}]}, {"type":"sheet", "name":"Fiche personnelle", "points":[{"x":1346,"y":960}, {"x":1995,"y":960}, {"x":1995,"y":2799}, {"x":1346,"y":2799}],"listInputs":[{"type":"area", "name":"null", "points":[{"x":1346,"y":960}, {"x":2020,"y":957}, {"x":1995,"y":2799}, {"x":1322,"y":2799}],"annotations":[{"type":"annotationAutomatic", "modifiable":false, "textAuto":"", "lines":[]}]}]}, {"type":"sheet", "name":"Fiche personnelle", "points":[{"x":235,"y":955}, {"x":1317,"y":955}, {"x":1317,"y":3184}, {"x":235,"y":3184}],"listInputs":[{"type":"area", "name":"Décision", "points":[{"x":235,"y":955}, {"x":1346,"y":959}, {"x":1317,"y":3184}, {"x":206,"y":3180}],"annotations":[{"type":"annotationAutomatic", "modifiable":false, "textAuto":"", "lines":[]}]}]}, {"type":"sheet", "name":"Fiche personnelle", "points":[{"x":1346,"y":960}, {"x":1995,"y":960}, {"x":1995,"y":2799}, {"x":1346,"y":2799}],"listInputs":[{"type":"area", "name":"Informations", "points":[{"x":1346,"y":960}, {"x":2020,"y":957}, {"x":1995,"y":2799}, {"x":1322,"y":2799}],"annotations":[{"type":"annotationAutomatic", "modifiable":false, "textAuto":"", "lines":[]}]}]}, {"type":"sheet", "name":"Fiche personnelle", "points":[{"x":1346,"y":960}, {"x":1995,"y":960}, {"x":1995,"y":2799}, {"x":1346,"y":2799}],"listInputs":[{"type":"area", "name":"Habitation", "points":[{"x":1346,"y":960}, {"x":2020,"y":957}, {"x":1995,"y":2799}, {"x":1322,"y":2799}],"annotations":[{"type":"annotationAutomatic", "modifiable":false, "textAuto":"", "lines":[]}]}]}, {"type":"sheet", "name":"Fiche personnelle", "points":[{"x":235,"y":955}, {"x":1317,"y":955}, {"x":1317,"y":3184}, {"x":235,"y":3184}],"listInputs":[{"type":"area", "name":"Secret gauche", "points":[{"x":235,"y":955}, {"x":1346,"y":959}, {"x":1317,"y":3184}, {"x":206,"y":3180}],"annotations":[{"type":"annotationAutomatic", "modifiable":false, "textAuto":"", "lines":[]}]}]}, {"type":"sheet", "name":"Fiche personnelle", "points":[{"x":1346,"y":960}, {"x":1995,"y":960}, {"x":1995,"y":2799}, {"x":1346,"y":2799}],"listInputs":[{"type":"area", "name":"Secret droit", "points":[{"x":1346,"y":960}, {"x":2020,"y":957}, {"x":1995,"y":2799}, {"x":1322,"y":2799}],"annotations":[{"type":"annotationAutomatic", "modifiable":false, "textAuto":"", "lines":[]}]}]}, {"type":"sheet", "name":"Fiche personnelle", "points":[{"x":1359,"y":260}, {"x":2032,"y":260}, {"x":2032,"y":375}, {"x":1359,"y":375}],"listInputs":[{"type":"area", "name":"Matricule", "points":[{"x":1359,"y":260}, {"x":2033,"y":266}, {"x":2032,"y":375}, {"x":1358,"y":372}],"annotations":[{"type":"annotationAutomatic", "modifiable":false, "textAuto":"", "lines":[]}]}]}, {"type":"sheet", "name":"Fiche personnelle", "points":[{"x":247,"y":256}, {"x":1358,"y":256}, {"x":1358,"y":465}, {"x":247,"y":465}],"listInputs":[{"type":"area", "name":"Nom", "points":[{"x":247,"y":256}, {"x":1359,"y":260}, {"x":1358,"y":465}, {"x":246,"y":462}],"annotations":[{"type":"annotationAutomatic", "modifiable":false, "textAuto":"", "lines":[]}]}]}, {"type":"sheet", "name":"Fiche personnelle", "points":[{"x":1358,"y":372}, {"x":2032,"y":372}, {"x":2032,"y":463}, {"x":1358,"y":463}],"listInputs":[{"type":"area", "name":"Mobilisation", "points":[{"x":1358,"y":372}, {"x":2032,"y":375}, {"x":2032,"y":463}, {"x":1358,"y":454}],"annotations":[{"type":"annotationAutomatic", "modifiable":false, "textAuto":"", "lines":[]}]}]}, {"type":"sheet", "name":"Fiche personnelle", "points":[{"x":246,"y":462}, {"x":1357,"y":462}, {"x":1357,"y":958}, {"x":246,"y":958}],"listInputs":[{"type":"area", "name":"Etat civil", "points":[{"x":246,"y":462}, {"x":1358,"y":465}, {"x":1357,"y":958}, {"x":246,"y":955}],"annotations":[{"type":"annotationAutomatic", "modifiable":false, "textAuto":"", "lines":[]}]}]}, {"type":"sheet", "name":"Fiche personnelle", "points":[{"x":1358,"y":454}, {"x":2031,"y":454}, {"x":2031,"y":956}, {"x":1358,"y":956}],"listInputs":[{"type":"area", "name":"Signalement", "points":[{"x":1358,"y":454}, {"x":2032,"y":463}, {"x":2031,"y":956}, {"x":1357,"y":959}],"annotations":[{"type":"annotationAutomatic", "modifiable":false, "textAuto":"", "lines":[]}]}]}, {"type":"sheet", "name":"Fiche personnelle", "points":[{"x":246,"y":955}, {"x":1352,"y":955}, {"x":1352,"y":3183}, {"x":246,"y":3183}],"listInputs":[{"type":"area", "name":"null", "points":[{"x":246,"y":955}, {"x":1357,"y":958}, {"x":1352,"y":3183}, {"x":243,"y":3180}],"annotations":[{"type":"annotationAutomatic", "modifiable":false, "textAuto":"", "lines":[]}]}]}, {"type":"sheet", "name":"Fiche personnelle", "points":[{"x":1357,"y":959}, {"x":2027,"y":959}, {"x":2027,"y":2797}, {"x":1357,"y":2797}],"listInputs":[{"type":"area", "name":"null", "points":[{"x":1357,"y":959}, {"x":2031,"y":956}, {"x":2027,"y":2797}, {"x":1353,"y":2799}],"annotations":[{"type":"annotationAutomatic", "modifiable":false, "textAuto":"", "lines":[]}]}]}, {"type":"sheet", "name":"Fiche personnelle", "points":[{"x":246,"y":955}, {"x":1352,"y":955}, {"x":1352,"y":3183}, {"x":246,"y":3183}],"listInputs":[{"type":"area", "name":"Décision", "points":[{"x":246,"y":955}, {"x":1357,"y":958}, {"x":1352,"y":3183}, {"x":243,"y":3180}],"annotations":[{"type":"annotationAutomatic", "modifiable":false, "textAuto":"", "lines":[]}]}]}, {"type":"sheet", "name":"Fiche personnelle", "points":[{"x":1357,"y":959}, {"x":2027,"y":959}, {"x":2027,"y":2797}, {"x":1357,"y":2797}],"listInputs":[{"type":"area", "name":"Informations", "points":[{"x":1357,"y":959}, {"x":2031,"y":956}, {"x":2027,"y":2797}, {"x":1353,"y":2799}],"annotations":[{"type":"annotationAutomatic", "modifiable":false, "textAuto":"", "lines":[]}]}]}, {"type":"sheet", "name":"Fiche personnelle", "points":[{"x":1357,"y":959}, {"x":2027,"y":959}, {"x":2027,"y":2797}, {"x":1357,"y":2797}],"listInputs":[{"type":"area", "name":"Habitation", "points":[{"x":1357,"y":959}, {"x":2031,"y":956}, {"x":2027,"y":2797}, {"x":1353,"y":2799}],"annotations":[{"type":"annotationAutomatic", "modifiable":false, "textAuto":"", "lines":[]}]}]}, {"type":"sheet", "name":"Fiche personnelle", "points":[{"x":246,"y":955}, {"x":1352,"y":955}, {"x":1352,"y":3183}, {"x":246,"y":3183}],"listInputs":[{"type":"area", "name":"Secret gauche", "points":[{"x":246,"y":955}, {"x":1357,"y":958}, {"x":1352,"y":3183}, {"x":243,"y":3180}],"annotations":[{"type":"annotationAutomatic", "modifiable":false, "textAuto":"", "lines":[]}]}]}, {"type":"sheet", "name":"Fiche personnelle", "points":[{"x":1357,"y":959}, {"x":2027,"y":959}, {"x":2027,"y":2797}, {"x":1357,"y":2797}],"listInputs":[{"type":"area", "name":"Secret droit", "points":[{"x":1357,"y":959}, {"x":2031,"y":956}, {"x":2027,"y":2797}, {"x":1353,"y":2799}],"annotations":[{"type":"annotationAutomatic", "modifiable":false, "textAuto":"", "lines":[]}]}]}]}]}]