[{"type":"Presse ancienne","date":"01/05/1893","title":"Le_Journal","pages":[{"id":"003", "image":"docs/Le_Journal_7619849_18930501_003.jpg", "sheetsIndex":[{"type":"sheet", "name":"Article", "points":[{"x":309,"y":260}, {"x":3563,"y":260}, {"x":3563,"y":322}, {"x":309,"y":322}],"listInputs":[{"type":"area", "name":"Titre", "points":[{"x":309,"y":280}, {"x":626,"y":280}, {"x":626,"y":322}, {"x":309,"y":322}],"annotations":[{"type":"annotationAutomatic", "modifiable":false, "textAuto":"1 er «\\/T- i 1 Q () q ", "lines":[{"text":"1 er «\\/T- i 1 Q () q ", "points":[{"x":309,"y":280}, {"x":626,"y":280}, {"x":626,"y":322}, {"x":309,"y":322}]}]}]}, {"type":"area", "name":"Paragraphe", "points":[{"x":3041,"y":260}, {"x":3563,"y":260}, {"x":3563,"y":322}, {"x":3041,"y":322}],"annotations":[{"type":"annotationAutomatic", "modifiable":false, "textAuto":"1 1 1'. TV. TOTTRNAT. ", "lines":[{"text":"1 1 1'. ", "points":[{"x":3174,"y":260}, {"x":3563,"y":260}, {"x":3563,"y":272}, {"x":3174,"y":272}]}, {"text":"TV. TOTTRNAT. ", "points":[{"x":3041,"y":283}, {"x":3521,"y":283}, {"x":3521,"y":322}, {"x":3041,"y":322}]}]}]}]}, {"type":"sheet", "name":"Article", "points":[{"x":664,"y":2876}, {"x":5995,"y":2876}, {"x":5995,"y":3112}, {"x":664,"y":3112}],"listInputs":[{"type":"area", "name":"Paragraphe", "points":[{"x":664,"y":3043}, {"x":1039,"y":3043}, {"x":1039,"y":3112}, {"x":664,"y":3112}],"annotations":[{"type":"annotationAutomatic", "modifiable":false, "textAuto":"FOURIER) ", "lines":[{"text":"FOURIER) ", "points":[{"x":664,"y":3043}, {"x":1039,"y":3043}, {"x":1039,"y":3112}, {"x":664,"y":3112}]}]}]}, {"type":"area", "name":"Paragraphe", "points":[{"x":2814,"y":2876}, {"x":3699,"y":2876}, {"x":3699,"y":2967}, {"x":2814,"y":2967}],"annotations":[{"type":"annotationAutomatic", "modifiable":false, "textAuto":"Le premier Mai Dédié aux ouvriers du monde entier. ", "lines":[{"text":"Le premier Mai Dédié aux ouvriers du monde entier. ", "points":[]}]}]}, {"type":"area", "name":"Paragraphe", "points":[{"x":3111,"y":2978}, {"x":3929,"y":2978}, {"x":3929,"y":3032}, {"x":3111,"y":3032}],"annotations":[{"type":"annotationAutomatic", "modifiable":false, "textAuto":"(Allégorie de Crane. - LONDRES.) ", "lines":[{"text":"(Allégorie de Crane. - LONDRES.) ", "points":[{"x":3111,"y":2978}, {"x":3929,"y":2978}, {"x":3929,"y":3032}, {"x":3111,"y":3032}]}]}]}, {"type":"area", "name":"Paragraphe", "points":[{"x":5624,"y":2934}, {"x":5995,"y":2934}, {"x":5995,"y":3001}, {"x":5624,"y":3001}],"annotations":[{"type":"annotationAutomatic", "modifiable":false, "textAuto":"BLANQUi ", "lines":[{"text":"BLANQUi ", "points":[{"x":5624,"y":2934}, {"x":5995,"y":2934}, {"x":5995,"y":3001}, {"x":5624,"y":3001}]}]}]}]}, {"type":"sheet", "name":"Article", "points":[{"x":119,"y":3386}, {"x":1578,"y":3386}, {"x":1578,"y":9146}, {"x":119,"y":9146}],"listInputs":[{"type":"area", "name":"Titre", "points":[{"x":374,"y":3386}, {"x":1309,"y":3386}, {"x":1309,"y":3473}, {"x":374,"y":3473}],"annotations":[{"type":"annotationAutomatic", "modifiable":false, "textAuto":"A NOS LECTEURS ", "lines":[{"text":"A NOS LECTEURS ", "points":[{"x":374,"y":3386}, {"x":1309,"y":3386}, {"x":1309,"y":3473}, {"x":374,"y":3473}]}]}]}, {"type":"area", "name":"Paragraphe", "points":[{"x":119,"y":3539}, {"x":710,"y":3539}, {"x":710,"y":3875}, {"x":119,"y":3875}],"annotations":[{"type":"annotationAutomatic", "modifiable":false, "textAuto":"", "lines":[]}]}, {"type":"area", "name":"Paragraphe", "points":[{"x":318,"y":3554}, {"x":1554,"y":3554}, {"x":1554,"y":3810}, {"x":318,"y":3810}],"annotations":[{"type":"annotationAutomatic", "modifiable":false, "textAuto":"L nous a paru intéressant, à l'heure même où les socialistes des Deux-Mondes célèbrent la « Fête internationale du travail », de donner, en quelque sorte, le commentaire illustré de ", "lines":[{"text":"L nous a paru intéressant, à l'heure même où ", "points":[{"x":318,"y":3554}, {"x":1547,"y":3554}, {"x":1547,"y":3617}, {"x":318,"y":3617}]}, {"text":"les socialistes des Deux-Mondes célèbrent la ", "points":[{"x":319,"y":3621}, {"x":1552,"y":3621}, {"x":1552,"y":3668}, {"x":319,"y":3668}]}, {"text":"« Fête internationale du travail », de donner, ", "points":[{"x":321,"y":3687}, {"x":1551,"y":3687}, {"x":1551,"y":3746}, {"x":321,"y":3746}]}, {"text":"en quelque sorte, le commentaire illustré de ", "points":[{"x":320,"y":3753}, {"x":1554,"y":3753}, {"x":1554,"y":3810}, {"x":320,"y":3810}]}]}]}, {"type":"area", "name":"Paragraphe", "points":[{"x":144,"y":3880}, {"x":1556,"y":3880}, {"x":1556,"y":4267}, {"x":144,"y":4267}],"annotations":[{"type":"annotationAutomatic", "modifiable":false, "textAuto":"L'imagerie populaire, qui eut sa grande époque durant la période d'agitation qui précéda 1848, appa- raît à nouveau parmi les moyens de propagande révo- lutionnaire, et c'est par elle, autant que par la bro- chure, que lentement pénètre dans le cerveau des humbles la pensée de rénovation. ", "lines":[{"text":"L'imagerie populaire, qui eut sa grande époque ", "points":[{"x":204,"y":3880}, {"x":1554,"y":3880}, {"x":1554,"y":3948}, {"x":204,"y":3948}]}, {"text":"durant la période d'agitation qui précéda 1848, appa- ", "points":[{"x":144,"y":3946}, {"x":1556,"y":3946}, {"x":1556,"y":4014}, {"x":144,"y":4014}]}, {"text":"raît à nouveau parmi les moyens de propagande révo- ", "points":[{"x":145,"y":4012}, {"x":1555,"y":4012}, {"x":1555,"y":4063}, {"x":145,"y":4063}]}, {"text":"lutionnaire, et c'est par elle, autant que par la bro- ", "points":[{"x":145,"y":4075}, {"x":1555,"y":4075}, {"x":1555,"y":4142}, {"x":145,"y":4142}]}, {"text":"chure, que lentement pénètre dans le cerveau des ", "points":[{"x":145,"y":4140}, {"x":1556,"y":4140}, {"x":1556,"y":4209}, {"x":145,"y":4209}]}, {"text":"humbles la pensée de rénovation. ", "points":[{"x":146,"y":4207}, {"x":1023,"y":4207}, {"x":1023,"y":4267}, {"x":146,"y":4267}]}]}]}, {"type":"area", "name":"Paragraphe", "points":[{"x":147,"y":4269}, {"x":1557,"y":4269}, {"x":1557,"y":4857}, {"x":147,"y":4857}],"annotations":[{"type":"annotationAutomatic", "modifiable":false, "textAuto":"Dans les cités ouvrières d'Allemagne et d'Au- triche, au pays flamand et dans les terres noires de Wallonie, en Hollande, en Angleterre, dans les départements industriels du Nord de la France, en Espagne et en Italie, partout, enfin, où le socialisme recrute ses adhérents, les placards et les chromos - allégorie ou satire - s'épinglent aux murs des pauvres, traduisant d'une note sentimentale ou vio- lente les luttes du temps présent. ", "lines":[{"text":"Dans les cités ouvrières d'Allemagne et d'Au- ", "points":[{"x":209,"y":4269}, {"x":1557,"y":4269}, {"x":1557,"y":4333}, {"x":209,"y":4333}]}, {"text":"triche, au pays flamand et dans les terres noires ", "points":[{"x":147,"y":4335}, {"x":1557,"y":4335}, {"x":1557,"y":4400}, {"x":147,"y":4400}]}, {"text":"de Wallonie, en Hollande, en Angleterre, dans les ", "points":[{"x":148,"y":4403}, {"x":1553,"y":4403}, {"x":1553,"y":4464}, {"x":148,"y":4464}]}, {"text":"départements industriels du Nord de la France, en ", "points":[{"x":148,"y":4469}, {"x":1556,"y":4469}, {"x":1556,"y":4529}, {"x":148,"y":4529}]}, {"text":"Espagne et en Italie, partout, enfin, où le socialisme ", "points":[{"x":150,"y":4534}, {"x":1557,"y":4534}, {"x":1557,"y":4595}, {"x":150,"y":4595}]}, {"text":"recrute ses adhérents, les placards et les chromos ", "points":[{"x":149,"y":4598}, {"x":1555,"y":4598}, {"x":1555,"y":4658}, {"x":149,"y":4658}]}, {"text":"- allégorie ou satire - s'épinglent aux murs des ", "points":[{"x":147,"y":4659}, {"x":1552,"y":4659}, {"x":1552,"y":4724}, {"x":147,"y":4724}]}, {"text":"pauvres, traduisant d'une note sentimentale ou vio- ", "points":[{"x":149,"y":4722}, {"x":1557,"y":4722}, {"x":1557,"y":4788}, {"x":149,"y":4788}]}, {"text":"lente les luttes du temps présent. ", "points":[{"x":150,"y":4794}, {"x":1060,"y":4794}, {"x":1060,"y":4857}, {"x":150,"y":4857}]}]}]}, {"type":"area", "name":"Paragraphe", "points":[{"x":150,"y":4861}, {"x":1556,"y":4861}, {"x":1556,"y":5179}, {"x":150,"y":5179}],"annotations":[{"type":"annotationAutomatic", "modifiable":false, "textAuto":"Nous avons tenu, dans les choix que nous avons faits, à grouper des enluminures de différents pays; il y a là des contrastes qui n'échapperont pas à nos lecteurs. A l'Autriche, nous avons emprunté l'allé- gorie de première page, qui orne le numéro spécial. ", "lines":[{"text":"Nous avons tenu, dans les choix que nous avons ", "points":[{"x":209,"y":4861}, {"x":1556,"y":4861}, {"x":1556,"y":4923}, {"x":209,"y":4923}]}, {"text":"faits, à grouper des enluminures de différents pays; ", "points":[{"x":150,"y":4925}, {"x":1554,"y":4925}, {"x":1554,"y":4986}, {"x":150,"y":4986}]}, {"text":"il y a là des contrastes qui n'échapperont pas à nos ", "points":[{"x":151,"y":4990}, {"x":1555,"y":4990}, {"x":1555,"y":5050}, {"x":151,"y":5050}]}, {"text":"lecteurs. A l'Autriche, nous avons emprunté l'allé- ", "points":[{"x":152,"y":5049}, {"x":1554,"y":5049}, {"x":1554,"y":5109}, {"x":152,"y":5109}]}, {"text":"gorie de première page, qui orne le numéro spécial. ", "points":[{"x":153,"y":5111}, {"x":1553,"y":5111}, {"x":1553,"y":5179}, {"x":153,"y":5179}]}]}]}, {"type":"area", "name":"Paragraphe", "points":[{"x":152,"y":5177}, {"x":1569,"y":5177}, {"x":1569,"y":6094}, {"x":152,"y":6094}],"annotations":[{"type":"annotationAutomatic", "modifiable":false, "textAuto":"publié à l'occasion du 1er Mai, par le parti ouvrier austro-hongrois; à l'Italie, le Prométhée-Prolé- tarien - symbole et satire - et rIdée sociale, représentée par un train brûlant les étapes à toute vapeur. L'Amérique, avec le Journal des Chevaliers du travail, répond par son Épée d.e Damoclès aux menaces de la féodalité et du militarisme, personni- fiés par l'empereur Guillaume, tandis que l'ironie catalane découpe le ior Mai en quatre tableaux, et se demande si les peurs bourgeoises auront seulement l'excuse de quelque pétard? Signalons encore la re- marquable allégorie de Crâne, le fer Mai, et le beau dessin, tragique et doux, que Legrand publia dans le Courrier F?~ançais, au lendemain de Fourmies. ", "lines":[{"text":"publié à l'occasion du 1er Mai, par le parti ouvrier ", "points":[{"x":154,"y":5177}, {"x":1560,"y":5177}, {"x":1560,"y":5243}, {"x":154,"y":5243}]}, {"text":"austro-hongrois; à l'Italie, le Prométhée-Prolé- ", "points":[{"x":152,"y":5241}, {"x":1561,"y":5241}, {"x":1561,"y":5312}, {"x":152,"y":5312}]}, {"text":"tarien - symbole et satire - et rIdée sociale, ", "points":[{"x":156,"y":5311}, {"x":1557,"y":5311}, {"x":1557,"y":5378}, {"x":156,"y":5378}]}, {"text":"représentée par un train brûlant les étapes à toute ", "points":[{"x":155,"y":5382}, {"x":1560,"y":5382}, {"x":1560,"y":5443}, {"x":155,"y":5443}]}, {"text":"vapeur. L'Amérique, avec le Journal des Chevaliers ", "points":[{"x":154,"y":5445}, {"x":1560,"y":5445}, {"x":1560,"y":5502}, {"x":154,"y":5502}]}, {"text":"du travail, répond par son Épée d.e Damoclès aux ", "points":[{"x":154,"y":5500}, {"x":1565,"y":5500}, {"x":1565,"y":5571}, {"x":154,"y":5571}]}, {"text":"menaces de la féodalité et du militarisme, personni- ", "points":[{"x":156,"y":5571}, {"x":1565,"y":5571}, {"x":1565,"y":5635}, {"x":156,"y":5635}]}, {"text":"fiés par l'empereur Guillaume, tandis que l'ironie ", "points":[{"x":157,"y":5635}, {"x":1565,"y":5635}, {"x":1565,"y":5703}, {"x":157,"y":5703}]}, {"text":"catalane découpe le ior Mai en quatre tableaux, et ", "points":[{"x":157,"y":5701}, {"x":1566,"y":5701}, {"x":1566,"y":5762}, {"x":157,"y":5762}]}, {"text":"se demande si les peurs bourgeoises auront seulement ", "points":[{"x":158,"y":5766}, {"x":1560,"y":5766}, {"x":1560,"y":5828}, {"x":158,"y":5828}]}, {"text":"l'excuse de quelque pétard? Signalons encore la re- ", "points":[{"x":154,"y":5828}, {"x":1567,"y":5828}, {"x":1567,"y":5895}, {"x":154,"y":5895}]}, {"text":"marquable allégorie de Crâne, le fer Mai, et le beau ", "points":[{"x":160,"y":5893}, {"x":1568,"y":5893}, {"x":1568,"y":5961}, {"x":160,"y":5961}]}, {"text":"dessin, tragique et doux, que Legrand publia dans le ", "points":[{"x":158,"y":5959}, {"x":1569,"y":5959}, {"x":1569,"y":6027}, {"x":158,"y":6027}]}, {"text":"Courrier F?~ançais, au lendemain de Fourmies. ", "points":[{"x":162,"y":6025}, {"x":1431,"y":6025}, {"x":1431,"y":6094}, {"x":162,"y":6094}]}]}]}, {"type":"area", "name":"Paragraphe", "points":[{"x":151,"y":6080}, {"x":1578,"y":6080}, {"x":1578,"y":6806}, {"x":151,"y":6806}],"annotations":[{"type":"annotationAutomatic", "modifiable":false, "textAuto":"A tout cela, nous avons joint les portraits des propagandistes, écrivains et orateurs contemporains, et ceux des précurseurs dont les socialistes se récla4- ment : - Saint-Simon et Fourier, les deux grands théoriciens ; Blanqui, qu'on appela le Richelieu dé la Révolution; l'Anglais Robert Owen, qui, le premier, réalisa avec succès, dans sa fabrique de New-Lanark, la réduction de la journée de travail ; enfin Lassalle, l'organisateur de Y Association générale des ouvriers allemands, et Karl Marx, considéré par ses disciples comme le fondateur du Socialisme scientifique. ", "lines":[{"text":"A tout cela, nous avons joint les portraits des ", "points":[{"x":216,"y":6080}, {"x":1569,"y":6080}, {"x":1569,"y":6156}, {"x":216,"y":6156}]}, {"text":"propagandistes, écrivains et orateurs contemporains, ", "points":[{"x":151,"y":6158}, {"x":1572,"y":6158}, {"x":1572,"y":6224}, {"x":151,"y":6224}]}, {"text":"et ceux des précurseurs dont les socialistes se récla4- ", "points":[{"x":159,"y":6224}, {"x":1574,"y":6224}, {"x":1574,"y":6285}, {"x":159,"y":6285}]}, {"text":"ment : - Saint-Simon et Fourier, les deux grands ", "points":[{"x":159,"y":6286}, {"x":1575,"y":6286}, {"x":1575,"y":6344}, {"x":159,"y":6344}]}, {"text":"théoriciens ; Blanqui, qu'on appela le Richelieu dé la ", "points":[{"x":158,"y":6347}, {"x":1568,"y":6347}, {"x":1568,"y":6411}, {"x":158,"y":6411}]}, {"text":"Révolution; l'Anglais Robert Owen, qui, le premier, ", "points":[{"x":162,"y":6409}, {"x":1572,"y":6409}, {"x":1572,"y":6477}, {"x":162,"y":6477}]}, {"text":"réalisa avec succès, dans sa fabrique de New-Lanark, ", "points":[{"x":160,"y":6475}, {"x":1578,"y":6475}, {"x":1578,"y":6542}, {"x":160,"y":6542}]}, {"text":"la réduction de la journée de travail ; enfin Lassalle, ", "points":[{"x":159,"y":6543}, {"x":1578,"y":6543}, {"x":1578,"y":6609}, {"x":159,"y":6609}]}, {"text":"l'organisateur de Y Association générale des ouvriers ", "points":[{"x":159,"y":6610}, {"x":1576,"y":6610}, {"x":1576,"y":6678}, {"x":159,"y":6678}]}, {"text":"allemands, et Karl Marx, considéré par ses disciples ", "points":[{"x":158,"y":6677}, {"x":1576,"y":6677}, {"x":1576,"y":6740}, {"x":158,"y":6740}]}, {"text":"comme le fondateur du Socialisme scientifique. ", "points":[{"x":160,"y":6740}, {"x":1441,"y":6740}, {"x":1441,"y":6806}, {"x":160,"y":6806}]}]}]}, {"type":"area", "name":"Paragraphe", "points":[{"x":220,"y":6807}, {"x":1575,"y":6807}, {"x":1575,"y":6873}, {"x":220,"y":6873}],"annotations":[{"type":"annotationAutomatic", "modifiable":false, "textAuto":"Parmi les contemporains, nous classons M. Victor ", "lines":[{"text":"Parmi les contemporains, nous classons M. Victor ", "points":[{"x":220,"y":6807}, {"x":1575,"y":6807}, {"x":1575,"y":6873}, {"x":220,"y":6873}]}]}]}, {"type":"area", "name":"Paragraphe", "points":[{"x":848,"y":9084}, {"x":1280,"y":9084}, {"x":1280,"y":9146}, {"x":848,"y":9146}],"annotations":[{"type":"annotationAutomatic", "modifiable":false, "textAuto":"LASSALLE ", "lines":[{"text":"LASSALLE ", "points":[{"x":848,"y":9084}, {"x":1280,"y":9084}, {"x":1280,"y":9146}, {"x":848,"y":9146}]}]}]}]}, {"type":"sheet", "name":"Article", "points":[{"x":2328,"y":3298}, {"x":6510,"y":3298}, {"x":6510,"y":9122}, {"x":2328,"y":9122}],"listInputs":[{"type":"area", "name":"Titre", "points":[{"x":2680,"y":6996}, {"x":3937,"y":6996}, {"x":3937,"y":7048}, {"x":2680,"y":7048}],"annotations":[{"type":"annotationAutomatic", "modifiable":false, "textAuto":"Joli mois de Mai, quand reviendras-tu? ", "lines":[{"text":"Joli mois de Mai, quand reviendras-tu? ", "points":[{"x":2680,"y":6996}, {"x":3937,"y":6996}, {"x":3937,"y":7048}, {"x":2680,"y":7048}]}]}]}, {"type":"area", "name":"Paragraphe", "points":[{"x":3491,"y":7049}, {"x":4776,"y":7049}, {"x":4776,"y":7108}, {"x":3491,"y":7108}],"annotations":[{"type":"annotationAutomatic", "modifiable":false, "textAuto":"(Dessin de LEGRAND. - Courrier Français. - PARIS.) ", "lines":[{"text":"(Dessin de LEGRAND. - Courrier Français. - PARIS.) ", "points":[{"x":3491,"y":7049}, {"x":4776,"y":7049}, {"x":4776,"y":7108}, {"x":3491,"y":7108}]}]}]}, {"type":"area", "name":"Paragraphe", "points":[{"x":2328,"y":9016}, {"x":2990,"y":9016}, {"x":2990,"y":9043}, {"x":2328,"y":9043}],"annotations":[{"type":"annotationAutomatic", "modifiable":false, "textAuto":"Il .-.. 1 ", "lines":[{"text":"Il .-.. 1 ", "points":[{"x":2328,"y":9016}, {"x":2990,"y":9016}, {"x":2990,"y":9043}, {"x":2328,"y":9043}]}]}]}, {"type":"area", "name":"Paragraphe", "points":[{"x":2344,"y":9050}, {"x":3008,"y":9050}, {"x":3008,"y":9122}, {"x":2344,"y":9122}],"annotations":[{"type":"annotationAutomatic", "modifiable":false, "textAuto":"ROBERT OWEN ", "lines":[{"text":"ROBERT OWEN ", "points":[{"x":2344,"y":9050}, {"x":3008,"y":9050}, {"x":3008,"y":9122}, {"x":2344,"y":9122}]}]}]}, {"type":"area", "name":"Paragraphe", "points":[{"x":3491,"y":9052}, {"x":4260,"y":9052}, {"x":4260,"y":9118}, {"x":3491,"y":9118}],"annotations":[{"type":"annotationAutomatic", "modifiable":false, "textAuto":"» SAINT-SIMON ", "lines":[{"text":"» SAINT-SIMON ", "points":[{"x":3491,"y":9052}, {"x":4260,"y":9052}, {"x":4260,"y":9118}, {"x":3491,"y":9118}]}]}]}, {"type":"area", "name":"Paragraphe", "points":[{"x":5036,"y":3298}, {"x":6471,"y":3298}, {"x":6471,"y":3883}, {"x":5036,"y":3883}],"annotations":[{"type":"annotationAutomatic", "modifiable":false, "textAuto":"Considérant, l'un des Pères intellectuels du socialisme français, qui assiste, dans une vieillesse sereine, au réveil des idées pour lesquelles il a si longtemps - combattu. Les autres représentent chacun une école ou une nuance : M. Jules Guesde, le Parti ouvrier; M. Vaillante le Comité révolutionnaire central; M. Duc-Quercy, les révolutionnaires indé- pendants; M. Malon, les Intégralistes; MM. Allemane et Brousse, les deux fractions de l'Union fédérative. ", "lines":[{"text":"Considérant, l'un des Pères intellectuels du socialisme ", "points":[{"x":5059,"y":3298}, {"x":6466,"y":3298}, {"x":6466,"y":3366}, {"x":5059,"y":3366}]}, {"text":"français, qui assiste, dans une vieillesse sereine, au ", "points":[{"x":5060,"y":3364}, {"x":6471,"y":3364}, {"x":6471,"y":3437}, {"x":5060,"y":3437}]}, {"text":"réveil des idées pour lesquelles il a si longtemps ", "points":[{"x":5063,"y":3435}, {"x":6469,"y":3435}, {"x":6469,"y":3501}, {"x":5063,"y":3501}]}, {"text":"- combattu. Les autres représentent chacun une ", "points":[{"x":5036,"y":3499}, {"x":6468,"y":3499}, {"x":6468,"y":3562}, {"x":5036,"y":3562}]}, {"text":"école ou une nuance : M. Jules Guesde, le Parti ", "points":[{"x":5060,"y":3560}, {"x":6468,"y":3560}, {"x":6468,"y":3624}, {"x":5060,"y":3624}]}, {"text":"ouvrier; M. Vaillante le Comité révolutionnaire ", "points":[{"x":5061,"y":3627}, {"x":6469,"y":3627}, {"x":6469,"y":3693}, {"x":5061,"y":3693}]}, {"text":"central; M. Duc-Quercy, les révolutionnaires indé- ", "points":[{"x":5063,"y":3691}, {"x":6471,"y":3691}, {"x":6471,"y":3760}, {"x":5063,"y":3760}]}, {"text":"pendants; M. Malon, les Intégralistes; MM. Allemane ", "points":[{"x":5062,"y":3758}, {"x":6469,"y":3758}, {"x":6469,"y":3824}, {"x":5062,"y":3824}]}, {"text":"et Brousse, les deux fractions de l'Union fédérative. ", "points":[{"x":5062,"y":3823}, {"x":6462,"y":3823}, {"x":6462,"y":3883}, {"x":5062,"y":3883}]}]}]}, {"type":"area", "name":"Paragraphe", "points":[{"x":5058,"y":3885}, {"x":6467,"y":3885}, {"x":6467,"y":3998}, {"x":5058,"y":3998}],"annotations":[{"type":"annotationAutomatic", "modifiable":false, "textAuto":"Ce sont là des personnalités politiques bien connues de nos lecteurs. ", "lines":[{"text":"Ce sont là des personnalités politiques bien connues ", "points":[{"x":5063,"y":3885}, {"x":6467,"y":3885}, {"x":6467,"y":3951}, {"x":5063,"y":3951}]}, {"text":"de nos lecteurs. ", "points":[{"x":5058,"y":3950}, {"x":5471,"y":3950}, {"x":5471,"y":3998}, {"x":5058,"y":3998}]}]}]}, {"type":"area", "name":"Paragraphe", "points":[{"x":5054,"y":4014}, {"x":6471,"y":4014}, {"x":6471,"y":4602}, {"x":5054,"y":4602}],"annotations":[{"type":"annotationAutomatic", "modifiable":false, "textAuto":"Les étrangers le sont moins, sauf Liebknecht et Bebel; aussi, quelques notes biographiques parais- sent-elles nécessaires. M. Edward Aveling est un des gendres de Karl Marx. Il appartenait à l'Uni- versité ; mais, gagné au socialisme, il dut renoncer au professorat, après l'afifrmation de ses idées nou- velles. C'est, avec Mme Marx-Aveling, avec John Burns, et quelques autres, un des militants les plus en vue du jeune parti socialiste anglais. ", "lines":[{"text":"Les étrangers le sont moins, sauf Liebknecht ", "points":[{"x":5117,"y":4014}, {"x":6467,"y":4014}, {"x":6467,"y":4084}, {"x":5117,"y":4084}]}, {"text":"et Bebel; aussi, quelques notes biographiques parais- ", "points":[{"x":5060,"y":4082}, {"x":6467,"y":4082}, {"x":6467,"y":4152}, {"x":5060,"y":4152}]}, {"text":"sent-elles nécessaires. M. Edward Aveling est un ", "points":[{"x":5061,"y":4150}, {"x":6464,"y":4150}, {"x":6464,"y":4211}, {"x":5061,"y":4211}]}, {"text":"des gendres de Karl Marx. Il appartenait à l'Uni- ", "points":[{"x":5057,"y":4209}, {"x":6464,"y":4209}, {"x":6464,"y":4274}, {"x":5057,"y":4274}]}, {"text":"versité ; mais, gagné au socialisme, il dut renoncer ", "points":[{"x":5056,"y":4272}, {"x":6465,"y":4272}, {"x":6465,"y":4343}, {"x":5056,"y":4343}]}, {"text":"au professorat, après l'afifrmation de ses idées nou- ", "points":[{"x":5059,"y":4341}, {"x":6466,"y":4341}, {"x":6466,"y":4406}, {"x":5059,"y":4406}]}, {"text":"velles. C'est, avec Mme Marx-Aveling, avec John ", "points":[{"x":5058,"y":4406}, {"x":6462,"y":4406}, {"x":6462,"y":4470}, {"x":5058,"y":4470}]}, {"text":"Burns, et quelques autres, un des militants les plus ", "points":[{"x":5058,"y":4468}, {"x":6471,"y":4468}, {"x":6471,"y":4533}, {"x":5058,"y":4533}]}, {"text":"en vue du jeune parti socialiste anglais. ", "points":[{"x":5054,"y":4531}, {"x":6289,"y":4531}, {"x":6289,"y":4602}, {"x":5054,"y":4602}]}]}]}, {"type":"area", "name":"Paragraphe", "points":[{"x":5049,"y":4598}, {"x":6461,"y":4598}, {"x":6461,"y":5116}, {"x":5049,"y":5116}],"annotations":[{"type":"annotationAutomatic", "modifiable":false, "textAuto":"M. Lavroff, le vétéran du socialisme russe, habite Paris; colonel d'artillerie, il professait les mathé- matiques supérieures à l'Ecole d'artillerie et à l'Académie de Saint-Pétersbourg, lorsqu'il fut arrêté pour cause politique et interné pendant neuf mois dans une des provinces du nord de la Russie. Il s'évada en 1870. M. Lavroff a publié des oeuvres de philosophie pure très remarquées. ", "lines":[{"text":"M. Lavroff, le vétéran du socialisme russe, habite ", "points":[{"x":5113,"y":4598}, {"x":6460,"y":4598}, {"x":6460,"y":4664}, {"x":5113,"y":4664}]}, {"text":"Paris; colonel d'artillerie, il professait les mathé- ", "points":[{"x":5055,"y":4665}, {"x":6461,"y":4665}, {"x":6461,"y":4727}, {"x":5055,"y":4727}]}, {"text":"matiques supérieures à l'Ecole d'artillerie et à ", "points":[{"x":5051,"y":4726}, {"x":6459,"y":4726}, {"x":6459,"y":4788}, {"x":5051,"y":4788}]}, {"text":"l'Académie de Saint-Pétersbourg, lorsqu'il fut arrêté ", "points":[{"x":5053,"y":4791}, {"x":6459,"y":4791}, {"x":6459,"y":4857}, {"x":5053,"y":4857}]}, {"text":"pour cause politique et interné pendant neuf mois ", "points":[{"x":5053,"y":4859}, {"x":6459,"y":4859}, {"x":6459,"y":4922}, {"x":5053,"y":4922}]}, {"text":"dans une des provinces du nord de la Russie. Il ", "points":[{"x":5050,"y":4922}, {"x":6456,"y":4922}, {"x":6456,"y":4981}, {"x":5050,"y":4981}]}, {"text":"s'évada en 1870. M. Lavroff a publié des oeuvres de ", "points":[{"x":5049,"y":4982}, {"x":6455,"y":4982}, {"x":6455,"y":5047}, {"x":5049,"y":5047}]}, {"text":"philosophie pure très remarquées. ", "points":[{"x":5050,"y":5047}, {"x":5943,"y":5047}, {"x":5943,"y":5116}, {"x":5050,"y":5116}]}]}]}, {"type":"area", "name":"Paragraphe", "points":[{"x":5046,"y":5117}, {"x":6453,"y":5117}, {"x":6453,"y":5560}, {"x":5046,"y":5560}],"annotations":[{"type":"annotationAutomatic", "modifiable":false, "textAuto":"M. Amilcare Cipriani est une des physionomies les plus originales du parti socialiste. A quinze ans, il se battait déjà sous les ordres de Garibaldi; il se bat en Grèce, il se\" bat en Crète, il sert la Commune, après avoir fait la campagne de France contre les .armées allemandes. Dix ans de Nouvelle-Calédonie, 'de la ", "lines":[{"text":"M. Amilcare Cipriani est une des physionomies ", "points":[{"x":5106,"y":5117}, {"x":6453,"y":5117}, {"x":6453,"y":5177}, {"x":5106,"y":5177}]}, {"text":"les plus originales du parti socialiste. A quinze ans, ", "points":[{"x":5048,"y":5175}, {"x":6452,"y":5175}, {"x":6452,"y":5243}, {"x":5048,"y":5243}]}, {"text":"il se battait déjà sous les ordres de Garibaldi; il se bat ", "points":[{"x":5049,"y":5241}, {"x":6452,"y":5241}, {"x":6452,"y":5306}, {"x":5049,"y":5306}]}, {"text":"en Grèce, il se\" bat en Crète, il sert la Commune, après ", "points":[{"x":5048,"y":5309}, {"x":6451,"y":5309}, {"x":6451,"y":5373}, {"x":5048,"y":5373}]}, {"text":"avoir fait la campagne de France contre les .armées ", "points":[{"x":5046,"y":5371}, {"x":6452,"y":5371}, {"x":6452,"y":5431}, {"x":5046,"y":5431}]}, {"text":"allemandes. Dix ans de Nouvelle-Calédonie, 'de la ", "points":[{"x":5046,"y":5434}, {"x":6452,"y":5434}, {"x":6452,"y":5560}, {"x":5046,"y":5560}]}]}]}, {"type":"area", "name":"Paragraphe", "points":[{"x":5046,"y":5504}, {"x":6451,"y":5504}, {"x":6451,"y":5571}, {"x":5046,"y":5571}],"annotations":[{"type":"annotationAutomatic", "modifiable":false, "textAuto":"compter le reste ! C'est une sorte de paladin 'de la ", "lines":[{"text":"compter le reste ! C'est une sorte de paladin 'de la ", "points":[{"x":5046,"y":5504}, {"x":6451,"y":5504}, {"x":6451,"y":5571}, {"x":5046,"y":5571}]}]}]}, {"type":"area", "name":"Paragraphe", "points":[{"x":5043,"y":5565}, {"x":5352,"y":5565}, {"x":5352,"y":5607}, {"x":5043,"y":5607}],"annotations":[{"type":"annotationAutomatic", "modifiable":false, "textAuto":"Révolution. ", "lines":[{"text":"Révolution. ", "points":[{"x":5043,"y":5565}, {"x":5352,"y":5565}, {"x":5352,"y":5607}, {"x":5043,"y":5607}]}]}]}, {"type":"area", "name":"Paragraphe", "points":[{"x":5037,"y":5627}, {"x":6447,"y":5627}, {"x":6447,"y":5950}, {"x":5037,"y":5950}],"annotations":[{"type":"annotationAutomatic", "modifiable":false, "textAuto":"M.Domela-Nieuwenhuis, ancien pasteur protestant, est le fondateur du parti socialiste hollandais, auquel il a consacré toute sa fortune et toute son activité intellectuelle, qui est très grande. Il exerce une influence considérable sur les paysans de la Frise. ", "lines":[{"text":"M.Domela-Nieuwenhuis, ancien pasteur protestant, ", "points":[{"x":5097,"y":5627}, {"x":6444,"y":5627}, {"x":6444,"y":5695}, {"x":5097,"y":5695}]}, {"text":"est le fondateur du parti socialiste hollandais, auquel ", "points":[{"x":5044,"y":5693}, {"x":6447,"y":5693}, {"x":6447,"y":5763}, {"x":5044,"y":5763}]}, {"text":"il a consacré toute sa fortune et toute son activité ", "points":[{"x":5042,"y":5761}, {"x":6445,"y":5761}, {"x":6445,"y":5819}, {"x":5042,"y":5819}]}, {"text":"intellectuelle, qui est très grande. Il exerce une ", "points":[{"x":5037,"y":5822}, {"x":6439,"y":5822}, {"x":6439,"y":5883}, {"x":5037,"y":5883}]}, {"text":"influence considérable sur les paysans de la Frise. ", "points":[{"x":5038,"y":5883}, {"x":6354,"y":5883}, {"x":6354,"y":5950}, {"x":5038,"y":5950}]}]}]}, {"type":"area", "name":"Paragraphe", "points":[{"x":5034,"y":5952}, {"x":6510,"y":5952}, {"x":6510,"y":6144}, {"x":5034,"y":6144}],"annotations":[{"type":"annotationAutomatic", "modifiable":false, "textAuto":"Le docteur Adler a contribué, dans une large mesure, à la fondation du parti ouvrier autrichien ; M. Iglesias, à la fondation du parti ouvrier espagnol.. ", "lines":[{"text":"Le docteur Adler a contribué, dans une large ", "points":[{"x":5098,"y":5952}, {"x":6438,"y":5952}, {"x":6438,"y":6019}, {"x":5098,"y":6019}]}, {"text":"mesure, à la fondation du parti ouvrier autrichien ; ", "points":[{"x":5040,"y":6017}, {"x":6510,"y":6017}, {"x":6510,"y":6085}, {"x":5040,"y":6085}]}, {"text":"M. Iglesias, à la fondation du parti ouvrier espagnol.. ", "points":[{"x":5034,"y":6083}, {"x":6495,"y":6083}, {"x":6495,"y":6144}, {"x":5034,"y":6144}]}]}]}, {"type":"area", "name":"Paragraphe", "points":[{"x":5033,"y":6142}, {"x":6439,"y":6142}, {"x":6439,"y":6343}, {"x":5033,"y":6343}],"annotations":[{"type":"annotationAutomatic", "modifiable":false, "textAuto":"Quant à M. Volders, que les récents- événements de Belgique ont mis très en relief, c'est un des membres les plus actifs du parti ouvrier belge. ", "lines":[{"text":"Quant à M. Volders, que les récents- événements de ", "points":[{"x":5035,"y":6142}, {"x":6439,"y":6142}, {"x":6439,"y":6205}, {"x":5035,"y":6205}]}, {"text":"Belgique ont mis très en relief, c'est un des membres ", "points":[{"x":5036,"y":6210}, {"x":6439,"y":6210}, {"x":6439,"y":6272}, {"x":5036,"y":6272}]}, {"text":"les plus actifs du parti ouvrier belge. ", "points":[{"x":5033,"y":6278}, {"x":5998,"y":6278}, {"x":5998,"y":6343}, {"x":5033,"y":6343}]}]}]}, {"type":"area", "name":"Paragraphe", "points":[{"x":5021,"y":6339}, {"x":6500,"y":6339}, {"x":6500,"y":6786}, {"x":5021,"y":6786}],"annotations":[{"type":"annotationAutomatic", "modifiable":false, "textAuto":"Nos lecteurs trouveront certainement que l'en- semble de ces documents constitue une publication des plus curieuses. Nous la faisons sans esprit de parti, par pur souci d'information, et pour montrer le socialisme révolutionnaire, qui agite en ce moment même le monde du travail, sous une de ses formes les plus pittoresques et les moins connues. ", "lines":[{"text":"Nos lecteurs trouveront certainement que l'en- ", "points":[{"x":5089,"y":6339}, {"x":6428,"y":6339}, {"x":6428,"y":6403}, {"x":5089,"y":6403}]}, {"text":"semble de ces documents constitue une publication ", "points":[{"x":5030,"y":6401}, {"x":6433,"y":6401}, {"x":6433,"y":6468}, {"x":5030,"y":6468}]}, {"text":"des plus curieuses. Nous la faisons sans esprit de ", "points":[{"x":5026,"y":6466}, {"x":6431,"y":6466}, {"x":6431,"y":6534}, {"x":5026,"y":6534}]}, {"text":"parti, par pur souci d'information, et pour montrer ", "points":[{"x":5027,"y":6532}, {"x":6500,"y":6532}, {"x":6500,"y":6602}, {"x":5027,"y":6602}]}, {"text":"le socialisme révolutionnaire, qui agite en ce moment ", "points":[{"x":5028,"y":6600}, {"x":6432,"y":6600}, {"x":6432,"y":6666}, {"x":5028,"y":6666}]}, {"text":"même le monde du travail, sous une de ses formes ", "points":[{"x":5024,"y":6665}, {"x":6428,"y":6665}, {"x":6428,"y":6721}, {"x":5024,"y":6721}]}, {"text":"les plus pittoresques et les moins connues. ", "points":[{"x":5021,"y":6721}, {"x":6138,"y":6721}, {"x":6138,"y":6786}, {"x":5021,"y":6786}]}]}]}]}, {"type":"sheet", "name":"Article", "points":[{"x":5320,"y":9022}, {"x":5820,"y":9022}, {"x":5820,"y":9096}, {"x":5320,"y":9096}],"listInputs":[{"type":"area", "name":"Paragraphe", "points":[{"x":5320,"y":9022}, {"x":5820,"y":9022}, {"x":5820,"y":9096}, {"x":5320,"y":9096}],"annotations":[{"type":"annotationAutomatic", "modifiable":false, "textAuto":"KARL MARX ", "lines":[{"text":"KARL MARX ", "points":[{"x":5320,"y":9022}, {"x":5820,"y":9022}, {"x":5820,"y":9096}, {"x":5320,"y":9096}]}]}]}]}]}, {"id":"004", "image":"docs/Le_Journal_7619849_18930501_004.jpg", "sheetsIndex":[{"type":"sheet", "name":"Article", "points":[{"x":3396,"y":249}, {"x":6610,"y":249}, {"x":6610,"y":318}, {"x":3396,"y":318}],"listInputs":[{"type":"area", "name":"Titre", "points":[{"x":3396,"y":267}, {"x":3910,"y":267}, {"x":3910,"y":318}, {"x":3396,"y":318}],"annotations":[{"type":"annotationAutomatic", "modifiable":false, "textAuto":"LE JOURNAL* ", "lines":[{"text":"LE JOURNAL* ", "points":[{"x":3396,"y":267}, {"x":3910,"y":267}, {"x":3910,"y":318}, {"x":3396,"y":318}]}]}]}, {"type":"area", "name":"Paragraphe", "points":[{"x":6303,"y":249}, {"x":6610,"y":249}, {"x":6610,"y":294}, {"x":6303,"y":294}],"annotations":[{"type":"annotationAutomatic", "modifiable":false, "textAuto":"1\" Ma, 89\" ", "lines":[{"text":"1\" Ma, 89\" ", "points":[{"x":6303,"y":249}, {"x":6610,"y":249}, {"x":6610,"y":294}, {"x":6303,"y":294}]}]}]}]}, {"type":"sheet", "name":"Article", "points":[{"x":3718,"y":466}, {"x":6688,"y":466}, {"x":6688,"y":1716}, {"x":3718,"y":1716}],"listInputs":[{"type":"area", "name":"Titre", "points":[{"x":4706,"y":466}, {"x":6483,"y":466}, {"x":6483,"y":554}, {"x":4706,"y":554}],"annotations":[{"type":"annotationAutomatic", "modifiable":false, "textAuto":"SOCIÉTÉ DU ", "lines":[{"text":"SOCIÉTÉ DU ", "points":[{"x":4706,"y":466}, {"x":6483,"y":466}, {"x":6483,"y":554}, {"x":4706,"y":554}]}]}]}, {"type":"area", "name":"Titre", "points":[{"x":3744,"y":608}, {"x":6628,"y":608}, {"x":6628,"y":828}, {"x":3744,"y":828}],"annotations":[{"type":"annotationAutomatic", "modifiable":false, "textAuto":"· · GLOB TROTTER ", "lines":[{"text":"· · GLOB TROTTER ", "points":[{"x":3744,"y":608}, {"x":6628,"y":608}, {"x":6628,"y":828}, {"x":3744,"y":828}]}]}]}, {"type":"area", "name":"Paragraphe", "points":[{"x":4242,"y":916}, {"x":6688,"y":916}, {"x":6688,"y":1020}, {"x":4242,"y":1020}],"annotations":[{"type":"annotationAutomatic", "modifiable":false, "textAuto":"PARIS, 27, Avenue de la Grande-Armée, PARIS ", "lines":[{"text":"PARIS, 27, Avenue de la Grande-Armée, PARIS ", "points":[{"x":4242,"y":916}, {"x":6688,"y":916}, {"x":6688,"y":1020}, {"x":4242,"y":1020}]}]}]}, {"type":"area", "name":"Paragraphe", "points":[{"x":3730,"y":1196}, {"x":6684,"y":1196}, {"x":6684,"y":1389}, {"x":3730,"y":1389}],"annotations":[{"type":"annotationAutomatic", "modifiable":false, "textAuto":"C'est sur une Bicyclette Glob'Trotter que le coureur CORRE, recordman du monde, pour mille kilomètres sur route, a fait son grand match contre Charles TERRONT. ", "lines":[{"text":"C'est sur une Bicyclette Glob'Trotter que le coureur CORRE, recordman du monde, ", "points":[{"x":3870,"y":1196}, {"x":6684,"y":1196}, {"x":6684,"y":1281}, {"x":3870,"y":1281}]}, {"text":"pour mille kilomètres sur route, a fait son grand match contre Charles TERRONT. ", "points":[{"x":3730,"y":1299}, {"x":6297,"y":1299}, {"x":6297,"y":1389}, {"x":3730,"y":1389}]}]}]}, {"type":"area", "name":"Paragraphe", "points":[{"x":3720,"y":1456}, {"x":6667,"y":1456}, {"x":6667,"y":1715}, {"x":3720,"y":1715}],"annotations":[{"type":"annotationAutomatic", "modifiable":false, "textAuto":"DEPUIS 2 9 à caoutchoucs creux VW W 390fR. BICYCLETTE 390fR. ", "lines":[{"text":"DEPUIS 2 9 à caoutchoucs creux VW W 390fR. BICYCLETTE 390fR. ", "points":[]}]}]}, {"type":"area", "name":"Paragraphe", "points":[{"x":5264,"y":1456}, {"x":6566,"y":1456}, {"x":6566,"y":1703}, {"x":5264,"y":1703}],"annotations":[{"type":"annotationAutomatic", "modifiable":false, "textAuto":"9 W à pneumatiques W WW ", "lines":[{"text":"9 W à pneumatiques W WW ", "points":[{"x":5264,"y":1456}, {"x":6566,"y":1456}, {"x":6566,"y":1703}, {"x":5264,"y":1703}]}]}]}, {"type":"area", "name":"Paragraphe", "points":[{"x":5829,"y":1451}, {"x":6107,"y":1451}, {"x":6107,"y":1493}, {"x":5829,"y":1493}],"annotations":[{"type":"annotationAutomatic", "modifiable":false, "textAuto":"DEPUIS ", "lines":[{"text":"DEPUIS ", "points":[{"x":5829,"y":1451}, {"x":6107,"y":1451}, {"x":6107,"y":1493}, {"x":5829,"y":1493}]}]}]}, {"type":"area", "name":"Paragraphe", "points":[{"x":3718,"y":1551}, {"x":5150,"y":1551}, {"x":5150,"y":1716}, {"x":3718,"y":1716}],"annotations":[{"type":"annotationAutomatic", "modifiable":false, "textAuto":"AOOwHW FR. BI'CYCLETTE 290FR. ", "lines":[{"text":"AOOwHW FR. BI'CYCLETTE 290FR. ", "points":[{"x":3718,"y":1551}, {"x":5150,"y":1551}, {"x":5150,"y":1716}, {"x":3718,"y":1716}]}]}]}]}, {"type":"sheet", "name":"Article", "points":[{"x":3700,"y":1916}, {"x":6711,"y":1916}, {"x":6711,"y":2814}, {"x":3700,"y":2814}],"listInputs":[{"type":"area", "name":"Paragraphe", "points":[{"x":3700,"y":1916}, {"x":6711,"y":1916}, {"x":6711,"y":2173}, {"x":3700,"y":2173}],"annotations":[{"type":"annotationAutomatic", "modifiable":false, "textAuto":"j LE JOURNAL Publie tous les Mercredis un Supplément Illustré sur 12 pages avec un dessin inédit de ", "lines":[{"text":"j LE JOURNAL Publie tous les Mercredis un Supplément Illustré sur 12 pages avec un dessin inédit de ", "points":[]}]}]}, {"type":"area", "name":"Paragraphe", "points":[{"x":5021,"y":2189}, {"x":5406,"y":2189}, {"x":5406,"y":2256}, {"x":5021,"y":2256}],"annotations":[{"type":"annotationAutomatic", "modifiable":false, "textAuto":"FORAIN ", "lines":[{"text":"FORAIN ", "points":[{"x":5021,"y":2189}, {"x":5406,"y":2189}, {"x":5406,"y":2256}, {"x":5021,"y":2256}]}]}]}, {"type":"area", "name":"Paragraphe", "points":[{"x":4652,"y":2321}, {"x":5814,"y":2321}, {"x":5814,"y":2371}, {"x":4652,"y":2371}],"annotations":[{"type":"annotationAutomatic", "modifiable":false, "textAuto":"EN VENTE PARTOUT ", "lines":[{"text":"EN VENTE PARTOUT ", "points":[{"x":4652,"y":2321}, {"x":5814,"y":2321}, {"x":5814,"y":2371}, {"x":4652,"y":2371}]}]}]}, {"type":"area", "name":"Paragraphe", "points":[{"x":3999,"y":2385}, {"x":6472,"y":2385}, {"x":6472,"y":2470}, {"x":3999,"y":2470}],"annotations":[{"type":"annotationAutomatic", "modifiable":false, "textAuto":"le Supplément Illustré en glyptographie sur le Salon des Champs-Élysées ", "lines":[{"text":"le Supplément Illustré en glyptographie sur le Salon des Champs-Élysées ", "points":[{"x":3999,"y":2385}, {"x":6472,"y":2385}, {"x":6472,"y":2470}, {"x":3999,"y":2470}]}]}]}, {"type":"area", "name":"Paragraphe", "points":[{"x":4871,"y":2476}, {"x":5557,"y":2476}, {"x":5557,"y":2523}, {"x":4871,"y":2523}],"annotations":[{"type":"annotationAutomatic", "modifiable":false, "textAuto":"Texte d'OCTAVE MIRBEAU ", "lines":[{"text":"Texte d'OCTAVE MIRBEAU ", "points":[{"x":4871,"y":2476}, {"x":5557,"y":2476}, {"x":5557,"y":2523}, {"x":4871,"y":2523}]}]}]}, {"type":"area", "name":"Paragraphe", "points":[{"x":4549,"y":2541}, {"x":6623,"y":2541}, {"x":6623,"y":2603}, {"x":4549,"y":2603}],"annotations":[{"type":"annotationAutomatic", "modifiable":false, "textAuto":"25 CENTIMES LE NTJMÉRO y ", "lines":[{"text":"25 CENTIMES LE NTJMÉRO y ", "points":[{"x":4549,"y":2541}, {"x":6623,"y":2541}, {"x":6623,"y":2603}, {"x":4549,"y":2603}]}]}]}, {"type":"area", "name":"Paragraphe", "points":[{"x":3849,"y":2624}, {"x":6630,"y":2624}, {"x":6630,"y":2688}, {"x":3849,"y":2688}],"annotations":[{"type":"annotationAutomatic", "modifiable":false, "textAuto":"EN PRÉPARATION : Un Supplément Illustré du Salon du Champ de Mars et un troisième Supplément ", "lines":[{"text":"EN PRÉPARATION : Un Supplément Illustré du Salon du Champ de Mars et un troisième Supplément ", "points":[{"x":3849,"y":2624}, {"x":6630,"y":2624}, {"x":6630,"y":2688}, {"x":3849,"y":2688}]}]}]}, {"type":"area", "name":"Paragraphe", "points":[{"x":4465,"y":2682}, {"x":6474,"y":2682}, {"x":6474,"y":2743}, {"x":4465,"y":2743}],"annotations":[{"type":"annotationAutomatic", "modifiable":false, "textAuto":"également artistique Illustré sur CEUX QUI N'Y SONT PAS ", "lines":[{"text":"également artistique Illustré sur CEUX QUI N'Y SONT PAS ", "points":[{"x":4465,"y":2682}, {"x":6474,"y":2682}, {"x":6474,"y":2743}, {"x":4465,"y":2743}]}]}]}, {"type":"area", "name":"Paragraphe", "points":[{"x":3742,"y":2746}, {"x":6702,"y":2746}, {"x":6702,"y":2814}, {"x":3742,"y":2814}],"annotations":[{"type":"annotationAutomatic", "modifiable":false, "textAuto":"Prochainement un Supplément, sur l'Exposition de Chicago, illustré, de notre envoyé spécial A. MAJVTELFT ", "lines":[{"text":"Prochainement un Supplément, sur l'Exposition de Chicago, illustré, de notre envoyé spécial A. MAJVTELFT ", "points":[{"x":3742,"y":2746}, {"x":6702,"y":2746}, {"x":6702,"y":2814}, {"x":3742,"y":2814}]}]}]}]}, {"type":"sheet", "name":"Article", "points":[{"x":522,"y":409}, {"x":3630,"y":409}, {"x":3630,"y":2867}, {"x":522,"y":2867}],"listInputs":[{"type":"area", "name":"Paragraphe", "points":[{"x":720,"y":409}, {"x":3296,"y":409}, {"x":3296,"y":676}, {"x":720,"y":676}],"annotations":[{"type":"annotationAutomatic", "modifiable":false, "textAuto":"w f TTtl~ïMTÛT ", "lines":[{"text":"w f TTtl~ïMTÛT ", "points":[{"x":720,"y":409}, {"x":3296,"y":409}, {"x":3296,"y":676}, {"x":720,"y":676}]}]}]}, {"type":"area", "name":"Paragraphe", "points":[{"x":732,"y":804}, {"x":3376,"y":804}, {"x":3376,"y":864}, {"x":732,"y":864}],"annotations":[{"type":"annotationAutomatic", "modifiable":false, "textAuto":"jSN~ttJtt~~N ~Mjtjj~ ~L~r ~!~tBt~Nt.~tMt~~)tt~~Nt!~~E~~N ", "lines":[{"text":"jSN~ttJtt~~N ~Mjtjj~ ~L~r ~!~tBt~Nt.~tMt~~)tt~~Nt!~~E~~N ", "points":[{"x":732,"y":804}, {"x":3376,"y":804}, {"x":3376,"y":864}, {"x":732,"y":864}]}]}]}, {"type":"area", "name":"Paragraphe", "points":[{"x":1193,"y":893}, {"x":3454,"y":893}, {"x":3454,"y":988}, {"x":1193,"y":988}],"annotations":[{"type":"annotationAutomatic", "modifiable":false, "textAuto":"PARIS. - 106, rue Richelieu. - PARIS ", "lines":[{"text":"PARIS. - 106, rue Richelieu. - PARIS ", "points":[{"x":1193,"y":893}, {"x":3454,"y":893}, {"x":3454,"y":988}, {"x":1193,"y":988}]}]}]}, {"type":"area", "name":"Paragraphe", "points":[{"x":522,"y":1020}, {"x":3630,"y":1020}, {"x":3630,"y":1133}, {"x":522,"y":1133}],"annotations":[{"type":"annotationAutomatic", "modifiable":false, "textAuto":"PEUT SE VANTER, A JUSTE TITRE, D'ÊTRE LE JOURNAL, LE PLUS LITTÉRAIRE ET LE MIEUX INFORMÉ ", "lines":[{"text":"PEUT SE VANTER, A JUSTE TITRE, D'ÊTRE LE JOURNAL, LE PLUS LITTÉRAIRE ET LE MIEUX INFORMÉ ", "points":[{"x":522,"y":1020}, {"x":3630,"y":1020}, {"x":3630,"y":1133}, {"x":522,"y":1133}]}]}]}, {"type":"area", "name":"Paragraphe", "points":[{"x":794,"y":1271}, {"x":3361,"y":1271}, {"x":3361,"y":1338}, {"x":794,"y":1338}],"annotations":[{"type":"annotationAutomatic", "modifiable":false, "textAuto":"PARMI SES PRINCIPAUX COLLABORATEURS, IL COMPTE: ", "lines":[{"text":"PARMI SES PRINCIPAUX COLLABORATEURS, IL COMPTE: ", "points":[{"x":794,"y":1271}, {"x":3361,"y":1271}, {"x":3361,"y":1338}, {"x":794,"y":1338}]}]}]}, {"type":"area", "name":"Paragraphe", "points":[{"x":1728,"y":1369}, {"x":2414,"y":1369}, {"x":2414,"y":1414}, {"x":1728,"y":1414}],"annotations":[{"type":"annotationAutomatic", "modifiable":false, "textAuto":"FERNAND XAU, Directeur. ", "lines":[{"text":"FERNAND XAU, Directeur. ", "points":[{"x":1728,"y":1369}, {"x":2414,"y":1369}, {"x":2414,"y":1414}, {"x":1728,"y":1414}]}]}]}, {"type":"area", "name":"Paragraphe", "points":[{"x":1470,"y":1431}, {"x":3539,"y":1431}, {"x":3539,"y":1491}, {"x":1470,"y":1491}],"annotations":[{"type":"annotationAutomatic", "modifiable":false, "textAuto":"Émile Zola, François Coppée, Henri Meilhac. ", "lines":[{"text":"Émile Zola, François Coppée, Henri Meilhac. ", "points":[{"x":1470,"y":1431}, {"x":3539,"y":1431}, {"x":3539,"y":1491}, {"x":1470,"y":1491}]}]}]}, {"type":"area", "name":"Paragraphe", "points":[{"x":558,"y":1491}, {"x":3603,"y":1491}, {"x":3603,"y":1607}, {"x":558,"y":1607}],"annotations":[{"type":"annotationAutomatic", "modifiable":false, "textAuto":"Mmes Séverine, Juliette Adam, Gyp. Paul Bourget, Emile Bergerat, André Theuriet, Arsène Houssaye, Hugues Le Roux, Maurice Barrés, Grosclaude, ", "lines":[{"text":"Mmes Séverine, Juliette Adam, Gyp. Paul Bourget, Emile Bergerat, André Theuriet, Arsène Houssaye, Hugues Le Roux, Maurice Barrés, Grosclaude, ", "points":[]}]}]}, {"type":"area", "name":"Paragraphe", "points":[{"x":625,"y":1592}, {"x":3539,"y":1592}, {"x":3539,"y":1715}, {"x":625,"y":1715}],"annotations":[{"type":"annotationAutomatic", "modifiable":false, "textAuto":"Paul Hervieu, Octave Mirbeau, Joseph Caraguel, Fernand Vandérem, Henri Lavedan, Oscar Méténier. Paul Alexis, Ivan Bouvier, Mentor, Georges d'Esparbès, Jean Marne, Clovis Hugues, Jean de Bonnefon, ", "lines":[{"text":"Paul Hervieu, Octave Mirbeau, Joseph Caraguel, Fernand Vandérem, Henri Lavedan, Oscar Méténier. Paul Alexis, Ivan Bouvier, Mentor, Georges d'Esparbès, Jean Marne, Clovis Hugues, Jean de Bonnefon, ", "points":[]}]}]}, {"type":"area", "name":"Paragraphe", "points":[{"x":862,"y":1704}, {"x":3290,"y":1704}, {"x":3290,"y":1761}, {"x":862,"y":1761}],"annotations":[{"type":"annotationAutomatic", "modifiable":false, "textAuto":"Comte de Kératry, Pierre Wolff, Lucien Descaves, Jules Renard, Jean Bayol, Jules Huret, ", "lines":[{"text":"Comte de Kératry, Pierre Wolff, Lucien Descaves, Jules Renard, Jean Bayol, Jules Huret, ", "points":[{"x":862,"y":1704}, {"x":3290,"y":1704}, {"x":3290,"y":1761}, {"x":862,"y":1761}]}]}]}, {"type":"area", "name":"Paragraphe", "points":[{"x":594,"y":1758}, {"x":3569,"y":1758}, {"x":3569,"y":1872}, {"x":594,"y":1872}],"annotations":[{"type":"annotationAutomatic", "modifiable":false, "textAuto":"Félicien Champsaur, Paul Bonnetain, Henry Céard, Une Parisienne, Mirliton, Gaëtan de Méaulne, Paul Adam, Rodolphe Darzens, Bernard Lazare, Cambrian, Louis Bertin. Alphonse Allais, ", "lines":[{"text":"Félicien Champsaur, Paul Bonnetain, Henry Céard, Une Parisienne, Mirliton, Gaëtan de Méaulne, Paul Adam, Rodolphe Darzens, Bernard Lazare, Cambrian, Louis Bertin. Alphonse Allais, ", "points":[]}]}]}, {"type":"area", "name":"Paragraphe", "points":[{"x":530,"y":1863}, {"x":3624,"y":1863}, {"x":3624,"y":1982}, {"x":530,"y":1982}],"annotations":[{"type":"annotationAutomatic", "modifiable":false, "textAuto":"Pierre de Lano, Remy de Gourmont, Vigné d'Octon, Camille de Sainte-Croix, Jacques Redelsperger, Edmond Leroy, Laisant, Edgard Monteil, Félix Régnier, Léon Millot, Adolphe Mayer, Emile Goudeau, Paul Geruzez ", "lines":[{"text":"Pierre de Lano, Remy de Gourmont, Vigné d'Octon, Camille de Sainte-Croix, Jacques Redelsperger, Edmond Leroy, Laisant, Edgard Monteil, Félix Régnier, Léon Millot, Adolphe Mayer, Emile Goudeau, Paul Geruzez ", "points":[]}]}]}, {"type":"area", "name":"Paragraphe", "points":[{"x":606,"y":1970}, {"x":3570,"y":1970}, {"x":3570,"y":2146}, {"x":606,"y":2146}],"annotations":[{"type":"annotationAutomatic", "modifiable":false, "textAuto":"Jean Raphanel, Maurice Lefèvre, Paul Brulat, Auguste Marin, Georges Docquois, Me Huvelin Puymirail, Louis de Robert, Georges de Labruyère, Jules Ranson, Evariste Mangin, George Bastard, d'Ingouville, Emilien Chesneau, Vicomte Ulric de Civry, André Gresse, Arlequine, H. Valoys, ", "lines":[{"text":"Jean Raphanel, Maurice Lefèvre, Paul Brulat, Auguste Marin, Georges Docquois, Me Huvelin Puymirail, Louis de Robert, Georges de Labruyère, Jules Ranson, Evariste Mangin, George Bastard, d'Ingouville, Emilien Chesneau, Vicomte Ulric de Civry, André Gresse, Arlequine, H. Valoys, ", "points":[]}]}]}, {"type":"area", "name":"Paragraphe", "points":[{"x":671,"y":2131}, {"x":3507,"y":2131}, {"x":3507,"y":2245}, {"x":671,"y":2245}],"annotations":[{"type":"annotationAutomatic", "modifiable":false, "textAuto":"G. de Lilliers, Emile Guitton, Paul Fouquiau, Hector France, Alberty, Baude de Maurceley, Docteur Legué. Edouard Hubert, Maurice Colin, Jules Quinaud, Eugène Doré, Jocelyne, Un Domino Rose, ", "lines":[{"text":"G. de Lilliers, Emile Guitton, Paul Fouquiau, Hector France, Alberty, Baude de Maurceley, Docteur Legué. Edouard Hubert, Maurice Colin, Jules Quinaud, Eugène Doré, Jocelyne, Un Domino Rose, ", "points":[]}]}]}, {"type":"area", "name":"Paragraphe", "points":[{"x":530,"y":2237}, {"x":3629,"y":2237}, {"x":3629,"y":2359}, {"x":530,"y":2359}],"annotations":[{"type":"annotationAutomatic", "modifiable":false, "textAuto":"Jean de l'Echiquier, Marcel Pradier, Un Snob, Eugène Lintilhac, Joseph Gayda, Eugène Clisson, Jacquillou, Jacques Daurelle, de Santa-Anna Nery, Daniel d'Aigre, Un Monsieur en habit noir, Bertie-Henri CIêre ", "lines":[{"text":"Jean de l'Echiquier, Marcel Pradier, Un Snob, Eugène Lintilhac, Joseph Gayda, Eugène Clisson, Jacquillou, Jacques Daurelle, de Santa-Anna Nery, Daniel d'Aigre, Un Monsieur en habit noir, Bertie-Henri CIêre ", "points":[]}]}]}, {"type":"area", "name":"Paragraphe", "points":[{"x":956,"y":2343}, {"x":3223,"y":2343}, {"x":3223,"y":2400}, {"x":956,"y":2400}],"annotations":[{"type":"annotationAutomatic", "modifiable":false, "textAuto":"Nachette, F. Hogier, Emile André, Altaïr, J,-A. Natali, Clam, Colin Maillard, Harry, ", "lines":[{"text":"Nachette, F. Hogier, Emile André, Altaïr, J,-A. Natali, Clam, Colin Maillard, Harry, ", "points":[{"x":956,"y":2343}, {"x":3223,"y":2343}, {"x":3223,"y":2400}, {"x":956,"y":2400}]}]}]}, {"type":"area", "name":"Paragraphe", "points":[{"x":873,"y":2395}, {"x":3313,"y":2395}, {"x":3313,"y":2510}, {"x":873,"y":2510}],"annotations":[{"type":"annotationAutomatic", "modifiable":false, "textAuto":"Louis Labat, Scarron, Jacques Finance, Pierre Paul, Louis Baissas, Lefrancier: Paul Héra, d'Aguerre, Léon Couturat, Servet,.Drapeau, F.-A. Steenackers, James, ", "lines":[{"text":"Louis Labat, Scarron, Jacques Finance, Pierre Paul, Louis Baissas, Lefrancier: Paul Héra, ", "points":[{"x":873,"y":2395}, {"x":3313,"y":2395}, {"x":3313,"y":2451}, {"x":873,"y":2451}]}, {"text":"d'Aguerre, Léon Couturat, Servet,.Drapeau, F.-A. Steenackers, James, ", "points":[{"x":1149,"y":2449}, {"x":3037,"y":2449}, {"x":3037,"y":2510}, {"x":1149,"y":2510}]}]}]}, {"type":"area", "name":"Paragraphe", "points":[{"x":1915,"y":2514}, {"x":2283,"y":2514}, {"x":2283,"y":2561}, {"x":1915,"y":2561}],"annotations":[{"type":"annotationAutomatic", "modifiable":false, "textAuto":"Etc., etc., etc. ", "lines":[{"text":"Etc., etc., etc. ", "points":[{"x":1915,"y":2514}, {"x":2283,"y":2514}, {"x":2283,"y":2561}, {"x":1915,"y":2561}]}]}]}, {"type":"area", "name":"Paragraphe", "points":[{"x":1557,"y":2566}, {"x":3173,"y":2566}, {"x":3173,"y":2638}, {"x":1557,"y":2638}],"annotations":[{"type":"annotationAutomatic", "modifiable":false, "textAuto":"Secrétaire de la Rédaction : ALEXIS LAUZE. ", "lines":[{"text":"Secrétaire de la Rédaction : ALEXIS LAUZE. ", "points":[{"x":1557,"y":2566}, {"x":3173,"y":2566}, {"x":3173,"y":2638}, {"x":1557,"y":2638}]}]}]}, {"type":"area", "name":"Paragraphe", "points":[{"x":1190,"y":2750}, {"x":2994,"y":2750}, {"x":2994,"y":2867}, {"x":1190,"y":2867}],"annotations":[{"type":"annotationAutomatic", "modifiable":false, "textAuto":"15 centimes le Numéro ", "lines":[{"text":"15 centimes le Numéro ", "points":[{"x":1190,"y":2750}, {"x":2994,"y":2750}, {"x":2994,"y":2867}, {"x":1190,"y":2867}]}]}]}]}, {"type":"sheet", "name":"Article", "points":[{"x":546,"y":2886}, {"x":6805,"y":2886}, {"x":6805,"y":4032}, {"x":546,"y":4032}],"listInputs":[{"type":"area", "name":"Paragraphe", "points":[{"x":1212,"y":2886}, {"x":6152,"y":2886}, {"x":6152,"y":3090}, {"x":1212,"y":3090}],"annotations":[{"type":"annotationAutomatic", "modifiable":false, "textAuto":"102 -- RUE RICHELIEU - ^t»2 ", "lines":[{"text":"102 -- RUE RICHELIEU - ^t»2 ", "points":[{"x":1212,"y":2886}, {"x":6152,"y":2886}, {"x":6152,"y":3090}, {"x":1212,"y":3090}]}]}]}, {"type":"area", "name":"Paragraphe", "points":[{"x":774,"y":3100}, {"x":5412,"y":3100}, {"x":5412,"y":3207}, {"x":774,"y":3207}],"annotations":[{"type":"annotationAutomatic", "modifiable":false, "textAuto":"p - ,-\",.1 .~,'-~- V, « « Juste en face la rue d'Amboise , ", "lines":[{"text":"p - ,-\",.1 .~,'-~- V, « « Juste en face la rue d'Amboise , ", "points":[{"x":774,"y":3100}, {"x":5412,"y":3100}, {"x":5412,"y":3207}, {"x":774,"y":3207}]}]}]}, {"type":"area", "name":"Paragraphe", "points":[{"x":556,"y":3220}, {"x":6792,"y":3220}, {"x":6792,"y":3362}, {"x":556,"y":3362}],"annotations":[{"type":"annotationAutomatic", "modifiable":false, "textAuto":"NE PAS CONFONDRE AVEC LES MAISONS VENDANT QUATRE ET HUIT FRANCS ", "lines":[{"text":"NE PAS CONFONDRE AVEC LES MAISONS VENDANT QUATRE ET HUIT FRANCS ", "points":[{"x":556,"y":3220}, {"x":6792,"y":3220}, {"x":6792,"y":3362}, {"x":556,"y":3362}]}]}]}, {"type":"area", "name":"Paragraphe", "points":[{"x":720,"y":3380}, {"x":6464,"y":3380}, {"x":6464,"y":3724}, {"x":720,"y":3724}],"annotations":[{"type":"annotationAutomatic", "modifiable":false, "textAuto":"I~~B~: \"- \\H 4 , , A IJI t~E: VRAI ", "lines":[{"text":"I~~B~: \"- \\H 4 , , A IJI t~E: VRAI ", "points":[{"x":720,"y":3380}, {"x":6464,"y":3380}, {"x":6464,"y":3724}, {"x":720,"y":3724}]}]}]}, {"type":"area", "name":"Paragraphe", "points":[{"x":876,"y":3396}, {"x":6462,"y":3396}, {"x":6462,"y":3720}, {"x":876,"y":3720}],"annotations":[{"type":"annotationAutomatic", "modifiable":false, "textAuto":"L'E'vrai 'LE \"V R A. J: ", "lines":[{"text":"L'E'vrai 'LE \"V R A. J: ", "points":[{"x":876,"y":3396}, {"x":6462,"y":3396}, {"x":6462,"y":3720}, {"x":876,"y":3720}]}]}]}, {"type":"area", "name":"Paragraphe", "points":[{"x":1255,"y":3459}, {"x":2769,"y":3459}, {"x":2769,"y":3498}, {"x":1255,"y":3498}],"annotations":[{"type":"annotationAutomatic", "modifiable":false, "textAuto":"~;\"- ", "lines":[{"text":"~;\"- ", "points":[{"x":1255,"y":3459}, {"x":2769,"y":3459}, {"x":2769,"y":3498}, {"x":1255,"y":3498}]}]}]}, {"type":"area", "name":"Paragraphe", "points":[{"x":915,"y":3784}, {"x":4536,"y":3784}, {"x":4536,"y":3912}, {"x":915,"y":3912}],"annotations":[{"type":"annotationAutomatic", "modifiable":false, "textAuto":",~,~ ,/ Est seul dans caris ", "lines":[{"text":",~,~ ,/ Est seul dans caris ", "points":[{"x":915,"y":3784}, {"x":4536,"y":3784}, {"x":4536,"y":3912}, {"x":915,"y":3912}]}]}]}, {"type":"area", "name":"Paragraphe", "points":[{"x":546,"y":3915}, {"x":6805,"y":3915}, {"x":6805,"y":4032}, {"x":546,"y":4032}],"annotations":[{"type":"annotationAutomatic", "modifiable":false, "textAuto":"ET SE RECOMMANDE T O TJ J O U R S PAR I_i' É3 L É Gr AN G E ET LA QUA LI TE DE SES CHAPEAUX ", "lines":[{"text":"ET SE RECOMMANDE T O TJ J O U R S PAR I_i' É3 L É Gr AN G E ET LA QUA LI TE DE SES CHAPEAUX ", "points":[{"x":546,"y":3915}, {"x":6805,"y":3915}, {"x":6805,"y":4032}, {"x":546,"y":4032}]}]}]}]}, {"type":"sheet", "name":"Article", "points":[{"x":470,"y":4291}, {"x":3640,"y":4291}, {"x":3640,"y":5543}, {"x":470,"y":5543}],"listInputs":[{"type":"area", "name":"Paragraphe", "points":[{"x":776,"y":4291}, {"x":2600,"y":4291}, {"x":2600,"y":4376}, {"x":776,"y":4376}],"annotations":[{"type":"annotationAutomatic", "modifiable":false, "textAuto":"f MANUFACTURE FRANÇAISE ", "lines":[{"text":"f MANUFACTURE FRANÇAISE ", "points":[{"x":776,"y":4291}, {"x":2600,"y":4291}, {"x":2600,"y":4376}, {"x":776,"y":4376}]}]}]}, {"type":"area", "name":"Paragraphe", "points":[{"x":710,"y":4416}, {"x":3416,"y":4416}, {"x":3416,"y":4604}, {"x":710,"y":4604}],"annotations":[{"type":"annotationAutomatic", "modifiable":false, "textAuto":"LA NATIONALE ", "lines":[{"text":"LA NATIONALE ", "points":[{"x":710,"y":4416}, {"x":3416,"y":4416}, {"x":3416,"y":4604}, {"x":710,"y":4604}]}]}]}, {"type":"area", "name":"Paragraphe", "points":[{"x":470,"y":4619}, {"x":3569,"y":4619}, {"x":3569,"y":4837}, {"x":470,"y":4837}],"annotations":[{"type":"annotationAutomatic", "modifiable":false, "textAuto":"j 0 7 2, Rue dLe Rome, 72 11#. - tf\"4:\",J.o{~, '*· SEULE MAISON\" t AU MONDE ", "lines":[{"text":"j 0 7 2, Rue dLe Rome, 72 11#. - tf\"4:\",J.o{~, '*· SEULE MAISON\" t AU MONDE ", "points":[]}]}]}, {"type":"area", "name":"Paragraphe", "points":[{"x":801,"y":4800}, {"x":2338,"y":4800}, {"x":2338,"y":4840}, {"x":801,"y":4840}],"annotations":[{"type":"annotationAutomatic", "modifiable":false, "textAuto":"..1 ,Li >J\" 1..,-. ", "lines":[{"text":"..1 ,Li >J\" 1..,-. ", "points":[{"x":801,"y":4800}, {"x":2338,"y":4800}, {"x":2338,"y":4840}, {"x":801,"y":4840}]}]}]}, {"type":"area", "name":"Paragraphe", "points":[{"x":592,"y":4840}, {"x":3575,"y":4840}, {"x":3575,"y":5074}, {"x":592,"y":5074}],"annotations":[{"type":"annotationAutomatic", "modifiable":false, "textAuto":"FAISANT UNE REMISE DE 50 SUR LES PRIX DE CATALOGUE v !BICYCLETTE DE ROUTE DU POIDS DE 13 KIL. 500 R ", "lines":[{"text":"FAISANT UNE REMISE DE 50 SUR LES PRIX DE CATALOGUE ", "points":[{"x":592,"y":4840}, {"x":3559,"y":4840}, {"x":3559,"y":4941}, {"x":592,"y":4941}]}, {"text":"v !BICYCLETTE DE ROUTE DU POIDS DE 13 KIL. 500 R ", "points":[{"x":618,"y":4941}, {"x":3575,"y":4941}, {"x":3575,"y":5074}, {"x":618,"y":5074}]}]}]}, {"type":"area", "name":"Paragraphe", "points":[{"x":672,"y":5085}, {"x":3568,"y":5085}, {"x":3568,"y":5209}, {"x":672,"y":5209}],"annotations":[{"type":"annotationAutomatic", "modifiable":false, "textAuto":"'d :-, -~\" .-. f'' \"A',-\",,,,,,;,,,;,, .: \"P\"\" EXTRA-SOLIDE, KUNIETDE\" PNEUMATIQUES DE TO'US SYSTÈMES ", "lines":[{"text":"'d :-, -~\" .-. f'' \"A',-\",,,,,,;,,,;,, .: \"P\"\" EXTRA-SOLIDE, KUNIETDE\" PNEUMATIQUES DE TO'US SYSTÈMES ", "points":[]}]}]}, {"type":"area", "name":"Paragraphe", "points":[{"x":683,"y":5236}, {"x":3640,"y":5236}, {"x":3640,"y":5320}, {"x":683,"y":5320}],"annotations":[{"type":"annotationAutomatic", "modifiable":false, "textAuto":"- pour 400 francs -i , I ", "lines":[{"text":"- pour 400 francs -i , I ", "points":[{"x":683,"y":5236}, {"x":3640,"y":5236}, {"x":3640,"y":5320}, {"x":683,"y":5320}]}]}]}, {"type":"area", "name":"Paragraphe", "points":[{"x":694,"y":5343}, {"x":3104,"y":5343}, {"x":3104,"y":5416}, {"x":694,"y":5416}],"annotations":[{"type":"annotationAutomatic", "modifiable":false, "textAuto":"CENT FRANCS DE MOINS EN CAOUTCHOUCS CREUX ", "lines":[{"text":"CENT FRANCS DE MOINS EN CAOUTCHOUCS CREUX ", "points":[{"x":694,"y":5343}, {"x":3104,"y":5343}, {"x":3104,"y":5416}, {"x":694,"y":5416}]}]}]}, {"type":"area", "name":"Paragraphe", "points":[{"x":696,"y":5423}, {"x":3639,"y":5423}, {"x":3639,"y":5543}, {"x":696,"y":5543}],"annotations":[{"type":"annotationAutomatic", "modifiable":false, "textAuto":"^-..v \", 7%. Rue de Rome - LA NATIONALE - Rite de Borne, li e ", "lines":[{"text":"^-..v \", 7%. Rue de Rome - LA NATIONALE - Rite de Borne, li e ", "points":[]}]}]}]}, {"type":"sheet", "name":"Article", "points":[{"x":625,"y":8455}, {"x":3519,"y":8455}, {"x":3519,"y":8656}, {"x":625,"y":8656}],"listInputs":[{"type":"area", "name":"Paragraphe", "points":[{"x":625,"y":8455}, {"x":3519,"y":8455}, {"x":3519,"y":8539}, {"x":625,"y":8539}],"annotations":[{"type":"annotationAutomatic", "modifiable":false, "textAuto":"CHARROI: 5 fois Champion de France en 4891 CASSIGÎWRD : 5 fois Champion de France en 1892 ", "lines":[{"text":"CHARROI: 5 fois Champion de France en 4891 CASSIGÎWRD : 5 fois Champion de France en 1892 ", "points":[]}]}]}, {"type":"area", "name":"Paragraphe", "points":[{"x":700,"y":8577}, {"x":1800,"y":8577}, {"x":1800,"y":8654}, {"x":700,"y":8654}],"annotations":[{"type":"annotationAutomatic", "modifiable":false, "textAuto":"'.,.:- sur Bicyclettes et Tricycle Clément ", "lines":[{"text":"'.,.:- sur Bicyclettes et Tricycle Clément ", "points":[{"x":700,"y":8577}, {"x":1800,"y":8577}, {"x":1800,"y":8654}, {"x":700,"y":8654}]}]}]}, {"type":"area", "name":"Paragraphe", "points":[{"x":2357,"y":8584}, {"x":3247,"y":8584}, {"x":3247,"y":8656}, {"x":2357,"y":8656}],"annotations":[{"type":"annotationAutomatic", "modifiable":false, "textAuto":"sur Bicyclettes et Bicycle Clément ", "lines":[{"text":"sur Bicyclettes et Bicycle Clément ", "points":[{"x":2357,"y":8584}, {"x":3247,"y":8584}, {"x":3247,"y":8656}, {"x":2357,"y":8656}]}]}]}]}, {"type":"sheet", "name":"Article", "points":[{"x":561,"y":6363}, {"x":3600,"y":6363}, {"x":3600,"y":9045}, {"x":561,"y":9045}],"listInputs":[{"type":"area", "name":"Titre", "points":[{"x":647,"y":6363}, {"x":3575,"y":6363}, {"x":3575,"y":6582}, {"x":647,"y":6582}],"annotations":[{"type":"annotationAutomatic", "modifiable":false, "textAuto":"//*/c~c/M ! 1 -.j. ~,. ~,..r .<.<~<Mt«.<f~~ *T~ ·wManufacture de Bicycles et Tricycles ", "lines":[{"text":"//*/c~c/M ! 1 -.j. ~,. ~,..r .<.<~<Mt«.<f~~ *T~ ·wManufacture de Bicycles et Tricycles ", "points":[]}]}]}, {"type":"area", "name":"Paragraphe", "points":[{"x":561,"y":7007}, {"x":1396,"y":7007}, {"x":1396,"y":7326}, {"x":561,"y":7326}],"annotations":[{"type":"annotationAutomatic", "modifiable":false, "textAuto":"", "lines":[]}]}, {"type":"area", "name":"Paragraphe", "points":[{"x":2984,"y":7032}, {"x":3584,"y":7032}, {"x":3584,"y":7088}, {"x":2984,"y":7088}],"annotations":[{"type":"annotationAutomatic", "modifiable":false, "textAuto":"Socc. ", "lines":[{"text":"Socc. ", "points":[{"x":2984,"y":7032}, {"x":3584,"y":7032}, {"x":3584,"y":7088}, {"x":2984,"y":7088}]}]}]}, {"type":"area", "name":"Paragraphe", "points":[{"x":583,"y":7435}, {"x":3210,"y":7435}, {"x":3210,"y":7684}, {"x":583,"y":7684}],"annotations":[{"type":"annotationAutomatic", "modifiable":false, "textAuto":"| ··· ;*·\" -\"- · , - ,- LA PLUS ANCIENNE FABRIQUE FRANÇAISE » -4 rJtNi' - ", "lines":[{"text":"| ··· ;*·\" -\"- · , - ,- LA PLUS ANCIENNE FABRIQUE FRANÇAISE » -4 rJtNi' - ", "points":[]}]}]}, {"type":"area", "name":"Paragraphe", "points":[{"x":664,"y":7708}, {"x":3103,"y":7708}, {"x":3103,"y":7826}, {"x":664,"y":7826}],"annotations":[{"type":"annotationAutomatic", "modifiable":false, "textAuto":"Les meilleures machinés de route ", "lines":[{"text":"Les meilleures machinés de route ", "points":[{"x":664,"y":7708}, {"x":3103,"y":7708}, {"x":3103,"y":7826}, {"x":664,"y":7826}]}]}]}, {"type":"area", "name":"Paragraphe", "points":[{"x":655,"y":7943}, {"x":3393,"y":7943}, {"x":3393,"y":8060}, {"x":655,"y":8060}],"annotations":[{"type":"annotationAutomatic", "modifiable":false, "textAuto":"Les meilleures machines de course ", "lines":[{"text":"Les meilleures machines de course ", "points":[{"x":655,"y":7943}, {"x":3393,"y":7943}, {"x":3393,"y":8060}, {"x":655,"y":8060}]}]}]}, {"type":"area", "name":"Paragraphe", "points":[{"x":650,"y":8164}, {"x":3448,"y":8164}, {"x":3448,"y":8390}, {"x":650,"y":8390}],"annotations":[{"type":"annotationAutomatic", "modifiable":false, "textAuto":"sont les Bicyclettes CLÉMENT ", "lines":[{"text":"sont les Bicyclettes CLÉMENT ", "points":[{"x":650,"y":8164}, {"x":3448,"y":8164}, {"x":3448,"y":8390}, {"x":650,"y":8390}]}]}]}, {"type":"area", "name":"Paragraphe", "points":[{"x":689,"y":8719}, {"x":3600,"y":8719}, {"x":3600,"y":8869}, {"x":689,"y":8869}],"annotations":[{"type":"annotationAutomatic", "modifiable":false, "textAuto":"ATELIERS DE DIRECTION MAGASIN DE VENTE* 1 ", "lines":[{"text":"ATELIERS DE DIRECTION MAGASIN DE VENTE* 1 ", "points":[{"x":689,"y":8719}, {"x":3600,"y":8719}, {"x":3600,"y":8869}, {"x":689,"y":8869}]}]}]}, {"type":"area", "name":"Paragraphe", "points":[{"x":677,"y":8860}, {"x":3278,"y":8860}, {"x":3278,"y":9045}, {"x":677,"y":9045}],"annotations":[{"type":"annotationAutomatic", "modifiable":false, "textAuto":"* 20, rue de Bruxelles 31, rue du 4-Septembre 0, rue ac Bruxelles 3 1, rue du 4-Septembre ", "lines":[{"text":"* 20, rue de Bruxelles 31, rue du 4-Septembre 0, rue ac Bruxelles 3 1, rue du 4-Septembre ", "points":[]}]}]}]}, {"type":"sheet", "name":"Article", "points":[{"x":527,"y":5644}, {"x":3636,"y":5644}, {"x":3636,"y":6258}, {"x":527,"y":6258}],"listInputs":[{"type":"area", "name":"Paragraphe", "points":[{"x":582,"y":5644}, {"x":3466,"y":5644}, {"x":3466,"y":5708}, {"x":582,"y":5708}],"annotations":[{"type":"annotationAutomatic", "modifiable":false, "textAuto":"LA PHOTOGRAPHIE NOUVELLE, Procédé H. MAIRET ", "lines":[{"text":"LA PHOTOGRAPHIE NOUVELLE, Procédé H. MAIRET ", "points":[{"x":582,"y":5644}, {"x":3466,"y":5644}, {"x":3466,"y":5708}, {"x":582,"y":5708}]}]}]}, {"type":"area", "name":"Paragraphe", "points":[{"x":648,"y":5705}, {"x":3005,"y":5705}, {"x":3005,"y":5759}, {"x":648,"y":5759}],"annotations":[{"type":"annotationAutomatic", "modifiable":false, "textAuto":"X' -'** 17, Boulevard Hanssmann, 3.7 * ", "lines":[{"text":"X' -'** 17, Boulevard Hanssmann, 3.7 * ", "points":[{"x":648,"y":5705}, {"x":3005,"y":5705}, {"x":3005,"y":5759}, {"x":648,"y":5759}]}]}]}, {"type":"area", "name":"Paragraphe", "points":[{"x":527,"y":5761}, {"x":3635,"y":5761}, {"x":3635,"y":5892}, {"x":527,"y":5892}],"annotations":[{"type":"annotationAutomatic", "modifiable":false, "textAuto":"Jusqu'à ce jour, tous les essais qui avaient été faits pour obtenir des photographies à la lumière du magnésium, soit à l'aide de lampes, soit avec les poudres explosives à base.de magnésium, presque toutes dangereuses, avaient donné des résultats si peu satisfaisants que les photographes professionnels en avaient rejeté 1 emploi, car le procédé était impropre à fournir des épreuves acceptables pour le public appelé à les rémunérer. ", "lines":[{"text":"Jusqu'à ce jour, tous les essais qui avaient été faits pour obtenir des photographies à la lumière du magnésium, soit à l'aide de lampes, soit avec les poudres ", "points":[{"x":692,"y":5761}, {"x":3635,"y":5761}, {"x":3635,"y":5799}, {"x":692,"y":5799}]}, {"text":"explosives à base.de magnésium, presque toutes dangereuses, avaient donné des résultats si peu satisfaisants que les photographes professionnels en avaient rejeté 1 emploi, ", "points":[{"x":527,"y":5803}, {"x":3634,"y":5803}, {"x":3634,"y":5846}, {"x":527,"y":5846}]}, {"text":"car le procédé était impropre à fournir des épreuves acceptables pour le public appelé à les rémunérer. ", "points":[{"x":527,"y":5842}, {"x":2428,"y":5842}, {"x":2428,"y":5892}, {"x":527,"y":5892}]}]}]}, {"type":"area", "name":"Paragraphe", "points":[{"x":689,"y":5883}, {"x":2912,"y":5883}, {"x":2912,"y":5931}, {"x":689,"y":5931}],"annotations":[{"type":"annotationAutomatic", "modifiable":false, "textAuto":"Et cependant toutes les personnes compétentes étaient d'avis que là était l'avenir de la photographie. - ", "lines":[{"text":"Et cependant toutes les personnes compétentes étaient d'avis que là était l'avenir de la photographie. - ", "points":[{"x":689,"y":5883}, {"x":2912,"y":5883}, {"x":2912,"y":5931}, {"x":689,"y":5931}]}]}]}, {"type":"area", "name":"Paragraphe", "points":[{"x":530,"y":5926}, {"x":3635,"y":5926}, {"x":3635,"y":6013}, {"x":530,"y":6013}],"annotations":[{"type":"annotationAutomatic", "modifiable":false, "textAuto":"Pour obtenir chez soi, à toute heure du jour ou de la nuit, sans aucun dérangement, non seulement des portraits et des groupes, mais encore toutes les scènes de la vie intérieure et en garder le souvenir, était un rêve longtemps caressé qui est enfin devenu une réalité. ", "lines":[{"text":"Pour obtenir chez soi, à toute heure du jour ou de la nuit, sans aucun dérangement, non seulement des portraits et des groupes, mais encore toutes ", "points":[{"x":692,"y":5926}, {"x":3635,"y":5926}, {"x":3635,"y":5966}, {"x":692,"y":5966}]}, {"text":"les scènes de la vie intérieure et en garder le souvenir, était un rêve longtemps caressé qui est enfin devenu une réalité. ", "points":[{"x":530,"y":5967}, {"x":2743,"y":5967}, {"x":2743,"y":6013}, {"x":530,"y":6013}]}]}]}, {"type":"area", "name":"Paragraphe", "points":[{"x":530,"y":6008}, {"x":3635,"y":6008}, {"x":3635,"y":6132}, {"x":530,"y":6132}],"annotations":[{"type":"annotationAutomatic", "modifiable":false, "textAuto":"La Photographie nouvelle17, boulevard Haussmann. à réalisé le problème, grâce aux heureuses combinaisons trouvées par M. H. MAIRET, qui permettent, aussi bien le jour que la nuit, quelle que soit la grandeur de l'appartement, sans aucune odeur ni fumée,.de faire à domicile' ou dans des endroits inaccessibles à la lumière et à des prix modérés, toute espèce de photographies. ", "lines":[{"text":"La Photographie nouvelle17, boulevard Haussmann. à réalisé le problème, grâce aux heureuses combinaisons trouvées par M. H. MAIRET, qui permettent, ", "points":[{"x":685,"y":6008}, {"x":3632,"y":6008}, {"x":3632,"y":6050}, {"x":685,"y":6050}]}, {"text":"aussi bien le jour que la nuit, quelle que soit la grandeur de l'appartement, sans aucune odeur ni fumée,.de faire à domicile' ou dans des endroits inaccessibles ", "points":[{"x":530,"y":6051}, {"x":3635,"y":6051}, {"x":3635,"y":6091}, {"x":530,"y":6091}]}, {"text":"à la lumière et à des prix modérés, toute espèce de photographies. ", "points":[{"x":530,"y":6092}, {"x":1737,"y":6092}, {"x":1737,"y":6132}, {"x":530,"y":6132}]}]}]}, {"type":"area", "name":"Paragraphe", "points":[{"x":529,"y":6092}, {"x":3636,"y":6092}, {"x":3636,"y":6220}, {"x":529,"y":6220}],"annotations":[{"type":"annotationAutomatic", "modifiable":false, "textAuto":"Les succès obtenus par nouuelle dans les derniers grands bals costumés qui ont eu lieu ces jours derniers et en particulier à la redoute du Les succès obtenus par costumés qui ont eu lieu ces jours derniers et en particulier à la redoute du Journal, permettent de prédire le plus g-rand succès à ce genre de photographies qui, grâce à sa simplicité, à sa commodité et aux excellents résultats obtenus, tend de ", "lines":[{"text":"Les succès obtenus par nouuelle dans les derniers grands bals costumés qui ont eu lieu ces jours derniers et en particulier à la redoute du Les succès obtenus par costumés qui ont eu lieu ces jours derniers et en particulier à la redoute du Journal, permettent de prédire le plus g-rand succès à ce genre de photographies qui, grâce à sa simplicité, à sa commodité et aux excellents résultats obtenus, tend de ", "points":[]}]}]}, {"type":"area", "name":"Paragraphe", "points":[{"x":529,"y":6215}, {"x":3006,"y":6215}, {"x":3006,"y":6258}, {"x":529,"y":6258}],"annotations":[{"type":"annotationAutomatic", "modifiable":false, "textAuto":"plus en plus à s'accréditer. - - -- p. ,-,.. ", "lines":[{"text":"plus en plus à s'accréditer. - - -- p. ,-,.. ", "points":[{"x":529,"y":6215}, {"x":3006,"y":6215}, {"x":3006,"y":6258}, {"x":529,"y":6258}]}]}]}]}, {"type":"sheet", "name":"Article", "points":[{"x":733,"y":9130}, {"x":1111,"y":9130}, {"x":1111,"y":9164}, {"x":733,"y":9164}],"listInputs":[{"type":"area", "name":"Paragraphe", "points":[{"x":733,"y":9130}, {"x":1111,"y":9130}, {"x":1111,"y":9164}, {"x":733,"y":9164}],"annotations":[{"type":"annotationAutomatic", "modifiable":false, "textAuto":"Le Gérant : POAYX. ", "lines":[{"text":"Le Gérant : POAYX. ", "points":[{"x":733,"y":9130}, {"x":1111,"y":9130}, {"x":1111,"y":9164}, {"x":733,"y":9164}]}]}]}]}, {"type":"sheet", "name":"Article", "points":[{"x":3677,"y":8476}, {"x":6788,"y":8476}, {"x":6788,"y":9188}, {"x":3677,"y":9188}],"listInputs":[{"type":"area", "name":"Titre", "points":[{"x":4928,"y":8476}, {"x":5523,"y":8476}, {"x":5523,"y":8534}, {"x":4928,"y":8534}],"annotations":[{"type":"annotationAutomatic", "modifiable":false, "textAuto":"ZACCHIRI ", "lines":[{"text":"ZACCHIRI ", "points":[{"x":4928,"y":8476}, {"x":5523,"y":8476}, {"x":5523,"y":8534}, {"x":4928,"y":8534}]}]}]}, {"type":"area", "name":"Titre", "points":[{"x":3716,"y":8572}, {"x":6756,"y":8572}, {"x":6756,"y":8684}, {"x":3716,"y":8684}],"annotations":[{"type":"annotationAutomatic", "modifiable":false, "textAuto":"MAISON O-EIENTALE ", "lines":[{"text":"MAISON O-EIENTALE ", "points":[{"x":3716,"y":8572}, {"x":6756,"y":8572}, {"x":6756,"y":8684}, {"x":3716,"y":8684}]}]}]}, {"type":"area", "name":"Paragraphe", "points":[{"x":4538,"y":8690}, {"x":5929,"y":8690}, {"x":5929,"y":8744}, {"x":4538,"y":8744}],"annotations":[{"type":"annotationAutomatic", "modifiable":false, "textAuto":"PARIS - 5 et i3, Avenue de l'Opéra, 5 et i3 - PARIS ", "lines":[{"text":"PARIS - 5 et i3, Avenue de l'Opéra, 5 et i3 - PARIS ", "points":[{"x":4538,"y":8690}, {"x":5929,"y":8690}, {"x":5929,"y":8744}, {"x":4538,"y":8744}]}]}]}, {"type":"area", "name":"Paragraphe", "points":[{"x":3961,"y":8761}, {"x":6501,"y":8761}, {"x":6501,"y":8800}, {"x":3961,"y":8800}],"annotations":[{"type":"annotationAutomatic", "modifiable":false, "textAuto":"Mêmes maisons : 40 et 42, Boulevard Haussmann, - 28, Boulevard des Italiens ", "lines":[{"text":"Mêmes maisons : 40 et 42, Boulevard Haussmann, - 28, Boulevard des Italiens ", "points":[{"x":3961,"y":8761}, {"x":6501,"y":8761}, {"x":6501,"y":8800}, {"x":3961,"y":8800}]}]}]}, {"type":"area", "name":"Paragraphe", "points":[{"x":3780,"y":8852}, {"x":6698,"y":8852}, {"x":6698,"y":8964}, {"x":3780,"y":8964}],"annotations":[{"type":"annotationAutomatic", "modifiable":false, "textAuto":"AMEUBLEMENT, DÉCORATION, INSTALLATIONS D'APPARTEMENT EN TOUS STYLES ", "lines":[{"text":"AMEUBLEMENT, DÉCORATION, INSTALLATIONS D'APPARTEMENT EN TOUS STYLES ", "points":[{"x":3780,"y":8852}, {"x":6698,"y":8852}, {"x":6698,"y":8964}, {"x":3780,"y":8964}]}]}]}, {"type":"area", "name":"Paragraphe", "points":[{"x":3677,"y":8974}, {"x":6788,"y":8974}, {"x":6788,"y":9130}, {"x":3677,"y":9130}],"annotations":[{"type":"annotationAutomatic", "modifiable":false, "textAuto":"Li MAISON ORIENTALE, grice à ses comptoirs dans les différents pays du Levant, renouvelle sans cesse dans ses magasins un assortiment incomparable de tous les beaux produits de l'Orient, aussi bien en Meubles, Curiosités et Objets d'Art, qu'en Tissus de toute nature Tapis, Broderies, Soieries, Velours et Étoffes de tous genres. ", "lines":[{"text":"Li MAISON ORIENTALE, grice à ses comptoirs dans les différents pays du Levant, renouvelle sans cesse dans ses magasins ", "points":[{"x":3866,"y":8974}, {"x":6786,"y":8974}, {"x":6786,"y":9025}, {"x":3866,"y":9025}]}, {"text":"un assortiment incomparable de tous les beaux produits de l'Orient, aussi bien en Meubles, Curiosités et Objets d'Art, qu'en Tissus de ", "points":[{"x":3677,"y":9024}, {"x":6785,"y":9024}, {"x":6785,"y":9073}, {"x":3677,"y":9073}]}, {"text":"toute nature Tapis, Broderies, Soieries, Velours et Étoffes de tous genres. ", "points":[{"x":3677,"y":9071}, {"x":6788,"y":9071}, {"x":6788,"y":9130}, {"x":3677,"y":9130}]}]}]}, {"type":"area", "name":"Paragraphe", "points":[{"x":5541,"y":9130}, {"x":6788,"y":9130}, {"x":6788,"y":9188}, {"x":5541,"y":9188}],"annotations":[{"type":"annotationAutomatic", "modifiable":false, "textAuto":"P&ria. - Imp. H. QuENTLN, 13, quai Voltaire. - 56873. u- ", "lines":[{"text":"P&ria. - Imp. H. QuENTLN, 13, quai Voltaire. - 56873. u- ", "points":[{"x":5541,"y":9130}, {"x":6788,"y":9130}, {"x":6788,"y":9188}, {"x":5541,"y":9188}]}]}]}]}]}]}]